
INSERT INTO community_category(id, is_kor, name, created_at) VALUES(1, 1, '음악', '2025-08-18 17:38:22');
INSERT INTO community_category(id, is_kor, name, created_at) VALUES(2, 1, '영화', '2025-08-18 17:38:22');
INSERT INTO community_category(id, is_kor, name, created_at) VALUES(3, 1, '게임', '2025-08-18 17:38:22');
INSERT INTO community_category(id, is_kor, name, created_at) VALUES(4, 1, '책', '2025-08-18 17:38:22');
INSERT INTO community_category(id, is_kor, name, created_at) VALUES(5, 1, '기타', '2025-08-18 17:38:22');
INSERT INTO community(id, category_id, creator_id, name, description, created_at) VALUES(1, 2, 37, '커뮤니티1', '커뮤니티 설명 1', '2025-07-27 17:38:22');
INSERT INTO community(id, category_id, creator_id, name, description, created_at) VALUES(2, 5, 16, '커뮤니티2', '커뮤니티 설명 2', '2025-08-04 17:38:22');
INSERT INTO community(id, category_id, creator_id, name, description, created_at) VALUES(3, 3, 15, '커뮤니티3', '커뮤니티 설명 3', '2025-07-23 17:38:22');
INSERT INTO community(id, category_id, creator_id, name, description, created_at) VALUES(4, 1, 20, '커뮤니티4', '커뮤니티 설명 4', '2025-07-28 17:38:22');
INSERT INTO community(id, category_id, creator_id, name, description, created_at) VALUES(5, 2, 30, '커뮤니티5', '커뮤니티 설명 5', '2025-08-13 17:38:22');
INSERT INTO community(id, category_id, creator_id, name, description, created_at) VALUES(6, 1, 31, '커뮤니티6', '커뮤니티 설명 6', '2025-07-29 17:38:22');
INSERT INTO community(id, category_id, creator_id, name, description, created_at) VALUES(7, 4, 26, '커뮤니티7', '커뮤니티 설명 7', '2025-07-22 17:38:22');
INSERT INTO community(id, category_id, creator_id, name, description, created_at) VALUES(8, 3, 14, '커뮤니티8', '커뮤니티 설명 8', '2025-07-29 17:38:22');
INSERT INTO community(id, category_id, creator_id, name, description, created_at) VALUES(9, 3, 41, '커뮤니티9', '커뮤니티 설명 9', '2025-08-11 17:38:22');
INSERT INTO community(id, category_id, creator_id, name, description, created_at) VALUES(10, 1, 26, '커뮤니티10', '커뮤니티 설명 10', '2025-07-24 17:38:22');
INSERT INTO community(id, category_id, creator_id, name, description, created_at) VALUES(11, 5, 22, '커뮤니티11', '커뮤니티 설명 11', '2025-08-16 17:38:22');
INSERT INTO community(id, category_id, creator_id, name, description, created_at) VALUES(12, 1, 20, '커뮤니티12', '커뮤니티 설명 12', '2025-08-11 17:38:22');
INSERT INTO community(id, category_id, creator_id, name, description, created_at) VALUES(13, 4, 32, '커뮤니티13', '커뮤니티 설명 13', '2025-07-19 17:38:22');
INSERT INTO community(id, category_id, creator_id, name, description, created_at) VALUES(14, 5, 24, '커뮤니티14', '커뮤니티 설명 14', '2025-08-09 17:38:22');
INSERT INTO community(id, category_id, creator_id, name, description, created_at) VALUES(15, 4, 50, '커뮤니티15', '커뮤니티 설명 15', '2025-08-03 17:38:22');
INSERT INTO community(id, category_id, creator_id, name, description, created_at) VALUES(16, 4, 34, '커뮤니티16', '커뮤니티 설명 16', '2025-08-04 17:38:22');
INSERT INTO community(id, category_id, creator_id, name, description, created_at) VALUES(17, 3, 43, '커뮤니티17', '커뮤니티 설명 17', '2025-07-24 17:38:22');
INSERT INTO community(id, category_id, creator_id, name, description, created_at) VALUES(18, 5, 11, '커뮤니티18', '커뮤니티 설명 18', '2025-08-18 17:38:22');
INSERT INTO community(id, category_id, creator_id, name, description, created_at) VALUES(19, 5, 2, '커뮤니티19', '커뮤니티 설명 19', '2025-07-21 17:38:22');
INSERT INTO community(id, category_id, creator_id, name, description, created_at) VALUES(20, 2, 49, '커뮤니티20', '커뮤니티 설명 20', '2025-08-05 17:38:22');
INSERT INTO board_post(id, community_id, user_id, title, content, created_at, type, views, track_id, thumbnail_url) VALUES(1, 6, 15, '게시글1', '게시글 내용 1', '2025-07-31 17:38:22', NULL, 0, '40iJIUlhi6renaREYGeIDS', '/img/profileImg.png');
INSERT INTO board_post(id, community_id, user_id, title, content, created_at, type, views, track_id, thumbnail_url) VALUES(2, 2, 35, '게시글2', '게시글 내용 2', '2025-07-20 17:38:22', NULL, 0, '3iPmwJh56xbDF7Xduimf0d', '/img/profileImg.png');
INSERT INTO board_post(id, community_id, user_id, title, content, created_at, type, views, track_id, thumbnail_url) VALUES(3, 6, 21, '게시글3', '게시글 내용 3', '2025-08-12 17:38:22', NULL, 0, '7bmnHlBzC81MeN7NObBnJw', '/img/profileImg.png');
INSERT INTO board_post(id, community_id, user_id, title, content, created_at, type, views, track_id, thumbnail_url) VALUES(4, 4, 13, '게시글4', '게시글 내용 4', '2025-08-13 17:38:22', NULL, 0, '0a4MMyCrzT0En247IhqZbD', '/img/profileImg.png');
INSERT INTO board_post(id, community_id, user_id, title, content, created_at, type, views, track_id, thumbnail_url) VALUES(5, 16, 23, '게시글5', '게시글 내용 5', '2025-08-07 17:38:22', NULL, 0, '35RJhm1pEovTBwnNR0zWad', '/img/profileImg.png');
INSERT INTO board_post(id, community_id, user_id, title, content, created_at, type, views, track_id, thumbnail_url) VALUES(6, 10, 26, '게시글6', '게시글 내용 6', '2025-08-10 17:38:22', NULL, 0, '5zJl9VWCSdpu3ZJayP8CdB', '/img/profileImg.png');
INSERT INTO board_post(id, community_id, user_id, title, content, created_at, type, views, track_id, thumbnail_url) VALUES(7, 8, 39, '게시글7', '게시글 내용 7', '2025-08-15 17:38:22', NULL, 0, '1lwYe6UZTE4anFP1MCBbf8', '/img/profileImg.png');
INSERT INTO board_post(id, community_id, user_id, title, content, created_at, type, views, track_id, thumbnail_url) VALUES(8, 1, 13, '게시글8', '게시글 내용 8', '2025-08-11 17:38:22', NULL, 0, '5ocSQW5sIUIOFojwXEz9Ki', '/img/profileImg.png');
INSERT INTO board_post(id, community_id, user_id, title, content, created_at, type, views, track_id, thumbnail_url) VALUES(9, 19, 20, '게시글9', '게시글 내용 9', '2025-08-09 17:38:22', NULL, 0, '7J1P951xPFJa07HNTDnmxy', '/img/profileImg.png');
INSERT INTO board_post(id, community_id, user_id, title, content, created_at, type, views, track_id, thumbnail_url) VALUES(10, 6, 14, '게시글10', '게시글 내용 10', '2025-07-29 17:38:22', NULL, 0, '0vuiKizDyUXdIge9npkEKn', '/img/profileImg.png');
INSERT INTO board_post(id, community_id, user_id, title, content, created_at, type, views, track_id, thumbnail_url) VALUES(11, 4, 38, '게시글11', '게시글 내용 11', '2025-08-09 17:38:22', NULL, 0, '3MJdKvdoEFwKyrD4rznLAI', '/img/profileImg.png');
INSERT INTO board_post(id, community_id, user_id, title, content, created_at, type, views, track_id, thumbnail_url) VALUES(12, 20, 33, '게시글12', '게시글 내용 12', '2025-08-12 17:38:22', NULL, 0, '42m3eP1JJhtzffal9B136J', '/img/profileImg.png');
INSERT INTO board_post(id, community_id, user_id, title, content, created_at, type, views, track_id, thumbnail_url) VALUES(13, 8, 46, '게시글13', '게시글 내용 13', '2025-07-28 17:38:22', NULL, 0, '0FPYpKHJ3SuxKLaToGajtY', '/img/profileImg.png');
INSERT INTO board_post(id, community_id, user_id, title, content, created_at, type, views, track_id, thumbnail_url) VALUES(14, 8, 48, '게시글14', '게시글 내용 14', '2025-08-03 17:38:22', NULL, 0, '3F5CgOj3wFlRv51JsHbxhe', '/img/profileImg.png');
INSERT INTO board_post(id, community_id, user_id, title, content, created_at, type, views, track_id, thumbnail_url) VALUES(15, 4, 49, '게시글15', '게시글 내용 15', '2025-08-16 17:38:22', NULL, 0, '1oYV1xSoGhxG0AY4SJVT76', '/img/profileImg.png');
INSERT INTO board_post(id, community_id, user_id, title, content, created_at, type, views, track_id, thumbnail_url) VALUES(16, 2, 38, '게시글16', '게시글 내용 16', '2025-07-21 17:38:22', NULL, 0, '6b8Be6ljOzmkOmFslEb23P', '/img/profileImg.png');
INSERT INTO board_post(id, community_id, user_id, title, content, created_at, type, views, track_id, thumbnail_url) VALUES(17, 17, 44, '게시글17', '게시글 내용 17', '2025-08-07 17:38:22', NULL, 0, '5uOKUtDbZ4c5jib0Mnayoa', '/img/profileImg.png');
INSERT INTO board_post(id, community_id, user_id, title, content, created_at, type, views, track_id, thumbnail_url) VALUES(18, 18, 30, '게시글18', '게시글 내용 18', '2025-08-09 17:38:22', NULL, 0, '7e7aslhXJZj4d0trBrensY', '/img/profileImg.png');
INSERT INTO board_post(id, community_id, user_id, title, content, created_at, type, views, track_id, thumbnail_url) VALUES(19, 18, 3, '게시글19', '게시글 내용 19', '2025-07-25 17:38:22', NULL, 0, '0WdJTI3UVvUMbLwPk5ObKI', '/img/profileImg.png');
INSERT INTO board_post(id, community_id, user_id, title, content, created_at, type, views, track_id, thumbnail_url) VALUES(20, 10, 27, '게시글20', '게시글 내용 20', '2025-08-08 17:38:22', NULL, 0, '0B0tYbVp7pDQAqKDhgMeaL', '/img/profileImg.png');
INSERT INTO board_post(id, community_id, user_id, title, content, created_at, type, views, track_id, thumbnail_url) VALUES(21, 20, 35, '게시글21', '게시글 내용 21', '2025-08-01 17:38:22', NULL, 0, '1Tr5FhvxC4IlRXYJHCXJdZ', '/img/profileImg.png');
INSERT INTO board_post(id, community_id, user_id, title, content, created_at, type, views, track_id, thumbnail_url) VALUES(22, 19, 47, '게시글22', '게시글 내용 22', '2025-08-09 17:38:22', NULL, 0, '4F7A0DXBrmUAkp32uenhZt', '/img/profileImg.png');
INSERT INTO board_post(id, community_id, user_id, title, content, created_at, type, views, track_id, thumbnail_url) VALUES(23, 5, 5, '게시글23', '게시글 내용 23', '2025-08-04 17:38:22', NULL, 0, '05KOgYg8PGeJyyWBPi5ja8', '/img/profileImg.png');
INSERT INTO board_post(id, community_id, user_id, title, content, created_at, type, views, track_id, thumbnail_url) VALUES(24, 9, 9, '게시글24', '게시글 내용 24', '2025-07-31 17:38:22', NULL, 0, '27BgDmciSjoxTG0almHTpZ', '/img/profileImg.png');
INSERT INTO board_post(id, community_id, user_id, title, content, created_at, type, views, track_id, thumbnail_url) VALUES(25, 9, 48, '게시글25', '게시글 내용 25', '2025-07-31 17:38:22', NULL, 0, '4SaGaLbcshvQ4admgCkYdP', '/img/profileImg.png');
INSERT INTO board_post(id, community_id, user_id, title, content, created_at, type, views, track_id, thumbnail_url) VALUES(26, 4, 49, '게시글26', '게시글 내용 26', '2025-07-30 17:38:22', NULL, 0, '15k2nBQJ0teDmPZHrOXL2N', '/img/profileImg.png');
INSERT INTO board_post(id, community_id, user_id, title, content, created_at, type, views, track_id, thumbnail_url) VALUES(27, 5, 50, '게시글27', '게시글 내용 27', '2025-07-20 17:38:22', NULL, 0, '7sBwAWyXfiIgrYQ8BaJESH', '/img/profileImg.png');
INSERT INTO board_post(id, community_id, user_id, title, content, created_at, type, views, track_id, thumbnail_url) VALUES(28, 7, 35, '게시글28', '게시글 내용 28', '2025-08-12 17:38:22', NULL, 0, '78aURwMzynDMan7DfSWwsI', '/img/profileImg.png');
INSERT INTO board_post(id, community_id, user_id, title, content, created_at, type, views, track_id, thumbnail_url) VALUES(29, 13, 38, '게시글29', '게시글 내용 29', '2025-07-30 17:38:22', NULL, 0, '6WJTEsLxWtSIlXML3NVSzA', '/img/profileImg.png');
INSERT INTO board_post(id, community_id, user_id, title, content, created_at, type, views, track_id, thumbnail_url) VALUES(30, 17, 3, '게시글30', '게시글 내용 30', '2025-08-16 17:38:22', NULL, 0, '4coENUbKuiuFb0C38uqFTi', '/img/profileImg.png');
INSERT INTO board_post(id, community_id, user_id, title, content, created_at, type, views, track_id, thumbnail_url) VALUES(31, 6, 26, '게시글31', '게시글 내용 31', '2025-07-29 17:38:22', NULL, 0, '3F5CgOj3wFlRv51JsHbxhe', '/img/profileImg.png');
INSERT INTO board_post(id, community_id, user_id, title, content, created_at, type, views, track_id, thumbnail_url) VALUES(32, 14, 8, '게시글32', '게시글 내용 32', '2025-07-28 17:38:22', NULL, 0, '2cGf0hmhkACTwRj58XNGlP', '/img/profileImg.png');
INSERT INTO board_post(id, community_id, user_id, title, content, created_at, type, views, track_id, thumbnail_url) VALUES(33, 8, 22, '게시글33', '게시글 내용 33', '2025-07-23 17:38:22', NULL, 0, '3YB8sWCxfQyjevEwCrWdiU', '/img/profileImg.png');
INSERT INTO board_post(id, community_id, user_id, title, content, created_at, type, views, track_id, thumbnail_url) VALUES(34, 15, 9, '게시글34', '게시글 내용 34', '2025-08-15 17:38:22', NULL, 0, '6fIYR2aSdWgQRgYmQ1Wahh', '/img/profileImg.png');
INSERT INTO board_post(id, community_id, user_id, title, content, created_at, type, views, track_id, thumbnail_url) VALUES(35, 3, 49, '게시글35', '게시글 내용 35', '2025-08-04 17:38:22', NULL, 0, '0GaBIpyHvytM1UBYmqXu08', '/img/profileImg.png');
INSERT INTO board_post(id, community_id, user_id, title, content, created_at, type, views, track_id, thumbnail_url) VALUES(36, 12, 2, '게시글36', '게시글 내용 36', '2025-08-17 17:38:22', NULL, 0, '7rC5Pl8rQSX4myONQHYPBK', '/img/profileImg.png');
INSERT INTO board_post(id, community_id, user_id, title, content, created_at, type, views, track_id, thumbnail_url) VALUES(37, 12, 12, '게시글37', '게시글 내용 37', '2025-08-15 17:38:22', NULL, 0, '2GkxcNcIy05smHTiG88fet', '/img/profileImg.png');
INSERT INTO board_post(id, community_id, user_id, title, content, created_at, type, views, track_id, thumbnail_url) VALUES(38, 7, 37, '게시글38', '게시글 내용 38', '2025-07-26 17:38:22', NULL, 0, '00J8yszzb5PR6ZIvSBtg0Y', '/img/profileImg.png');
INSERT INTO board_post(id, community_id, user_id, title, content, created_at, type, views, track_id, thumbnail_url) VALUES(39, 7, 15, '게시글39', '게시글 내용 39', '2025-08-10 17:38:22', NULL, 0, '5eJvtHFpdYgzHbcidqijCy', '/img/profileImg.png');
INSERT INTO board_post(id, community_id, user_id, title, content, created_at, type, views, track_id, thumbnail_url) VALUES(40, 10, 28, '게시글40', '게시글 내용 40', '2025-08-12 17:38:22', NULL, 0, '343YBumqHu19cGoGARUTsd', '/img/profileImg.png');
INSERT INTO com_manager(id, user_id, com_id, created_at) VALUES(1, 13, 7, '2025-07-21 17:38:22');
INSERT INTO com_manager(id, user_id, com_id, created_at) VALUES(2, 16, 4, '2025-07-20 17:38:22');
INSERT INTO com_manager(id, user_id, com_id, created_at) VALUES(3, 45, 7, '2025-08-11 17:38:22');
INSERT INTO com_manager(id, user_id, com_id, created_at) VALUES(4, 26, 3, '2025-08-18 17:38:22');
INSERT INTO com_manager(id, user_id, com_id, created_at) VALUES(5, 2, 1, '2025-08-17 17:38:22');
INSERT INTO com_manager(id, user_id, com_id, created_at) VALUES(6, 19, 18, '2025-08-11 17:38:22');
INSERT INTO com_manager(id, user_id, com_id, created_at) VALUES(7, 39, 12, '2025-08-08 17:38:22');
INSERT INTO com_manager(id, user_id, com_id, created_at) VALUES(8, 20, 3, '2025-08-14 17:38:22');
INSERT INTO com_manager(id, user_id, com_id, created_at) VALUES(9, 12, 20, '2025-08-18 17:38:22');
INSERT INTO com_manager(id, user_id, com_id, created_at) VALUES(10, 3, 11, '2025-08-15 17:38:22');
INSERT INTO com_manager(id, user_id, com_id, created_at) VALUES(11, 46, 20, '2025-07-24 17:38:22');
INSERT INTO com_manager(id, user_id, com_id, created_at) VALUES(12, 38, 1, '2025-07-25 17:38:22');
INSERT INTO com_manager(id, user_id, com_id, created_at) VALUES(13, 18, 4, '2025-07-25 17:38:22');
INSERT INTO com_manager(id, user_id, com_id, created_at) VALUES(14, 4, 11, '2025-08-10 17:38:22');
INSERT INTO com_manager(id, user_id, com_id, created_at) VALUES(15, 10, 6, '2025-08-10 17:38:22');
INSERT INTO com_manager(id, user_id, com_id, created_at) VALUES(16, 9, 1, '2025-07-25 17:38:22');
INSERT INTO com_manager(id, user_id, com_id, created_at) VALUES(17, 45, 16, '2025-07-24 17:38:22');
INSERT INTO com_manager(id, user_id, com_id, created_at) VALUES(18, 37, 18, '2025-08-14 17:38:22');
INSERT INTO com_manager(id, user_id, com_id, created_at) VALUES(19, 2, 10, '2025-08-11 17:38:22');
INSERT INTO com_manager(id, user_id, com_id, created_at) VALUES(20, 4, 19, '2025-08-07 17:38:22');
INSERT INTO com_manager(id, user_id, com_id, created_at) VALUES(21, 43, 11, '2025-07-23 17:38:22');
INSERT INTO com_manager(id, user_id, com_id, created_at) VALUES(22, 48, 12, '2025-08-03 17:38:22');
INSERT INTO com_manager(id, user_id, com_id, created_at) VALUES(23, 49, 10, '2025-07-25 17:38:22');
INSERT INTO com_manager(id, user_id, com_id, created_at) VALUES(24, 19, 8, '2025-08-04 17:38:22');
INSERT INTO com_manager(id, user_id, com_id, created_at) VALUES(25, 47, 20, '2025-08-17 17:38:22');
INSERT INTO com_manager(id, user_id, com_id, created_at) VALUES(26, 23, 7, '2025-08-08 17:38:22');
INSERT INTO com_manager(id, user_id, com_id, created_at) VALUES(27, 9, 2, '2025-07-25 17:38:22');
INSERT INTO com_manager(id, user_id, com_id, created_at) VALUES(28, 35, 4, '2025-08-05 17:38:22');
INSERT INTO com_manager(id, user_id, com_id, created_at) VALUES(29, 29, 11, '2025-07-22 17:38:22');
INSERT INTO com_manager(id, user_id, com_id, created_at) VALUES(30, 40, 19, '2025-08-03 17:38:22');
INSERT INTO com_vote(id, post_id, title, created_at, closed_at, is_completed) VALUES(1, 13, '투표 제목 1', '2025-08-13 17:38:22', '2025-08-15 17:38:22', 0);
INSERT INTO com_vote(id, post_id, title, created_at, closed_at, is_completed) VALUES(2, 19, '투표 제목 2', '2025-08-06 17:38:22', '2025-08-07 17:38:22', 0);
INSERT INTO com_vote(id, post_id, title, created_at, closed_at, is_completed) VALUES(3, 21, '투표 제목 3', '2025-07-26 17:38:22', '2025-08-02 17:38:22', 0);
INSERT INTO com_vote(id, post_id, title, created_at, closed_at, is_completed) VALUES(4, 19, '투표 제목 4', '2025-08-13 17:38:22', '2025-08-20 17:38:22', 1);
INSERT INTO com_vote(id, post_id, title, created_at, closed_at, is_completed) VALUES(5, 38, '투표 제목 5', '2025-08-10 17:38:22', '2025-08-14 17:38:22', 1);
INSERT INTO com_vote(id, post_id, title, created_at, closed_at, is_completed) VALUES(6, 21, '투표 제목 6', '2025-08-03 17:38:22', '2025-08-09 17:38:22', 0);
INSERT INTO com_vote(id, post_id, title, created_at, closed_at, is_completed) VALUES(7, 4, '투표 제목 7', '2025-08-01 17:38:22', '2025-08-06 17:38:22', 1);
INSERT INTO com_vote(id, post_id, title, created_at, closed_at, is_completed) VALUES(8, 6, '투표 제목 8', '2025-08-14 17:38:22', '2025-08-17 17:38:22', 1);
INSERT INTO com_vote(id, post_id, title, created_at, closed_at, is_completed) VALUES(9, 20, '투표 제목 9', '2025-08-05 17:38:22', '2025-08-08 17:38:22', 0);
INSERT INTO com_vote(id, post_id, title, created_at, closed_at, is_completed) VALUES(10, 40, '투표 제목 10', '2025-08-06 17:38:22', '2025-08-11 17:38:22', 0);
INSERT INTO com_vote(id, post_id, title, created_at, closed_at, is_completed) VALUES(11, 8, '투표 제목 11', '2025-07-21 17:38:22', '2025-07-22 17:38:22', 0);
INSERT INTO com_vote(id, post_id, title, created_at, closed_at, is_completed) VALUES(12, 31, '투표 제목 12', '2025-07-23 17:38:22', '2025-07-25 17:38:22', 0);
INSERT INTO com_vote(id, post_id, title, created_at, closed_at, is_completed) VALUES(13, 38, '투표 제목 13', '2025-08-07 17:38:22', '2025-08-10 17:38:22', 0);
INSERT INTO com_vote(id, post_id, title, created_at, closed_at, is_completed) VALUES(14, 14, '투표 제목 14', '2025-07-30 17:38:22', '2025-08-05 17:38:22', 1);
INSERT INTO com_vote(id, post_id, title, created_at, closed_at, is_completed) VALUES(15, 27, '투표 제목 15', '2025-08-15 17:38:22', '2025-08-19 17:38:22', 0);
INSERT INTO com_vote(id, post_id, title, created_at, closed_at, is_completed) VALUES(16, 15, '투표 제목 16', '2025-08-14 17:38:22', '2025-08-19 17:38:22', 1);
INSERT INTO com_vote(id, post_id, title, created_at, closed_at, is_completed) VALUES(17, 34, '투표 제목 17', '2025-08-04 17:38:22', '2025-08-10 17:38:22', 0);
INSERT INTO com_vote(id, post_id, title, created_at, closed_at, is_completed) VALUES(18, 33, '투표 제목 18', '2025-08-12 17:38:22', '2025-08-19 17:38:22', 0);
INSERT INTO com_vote(id, post_id, title, created_at, closed_at, is_completed) VALUES(19, 6, '투표 제목 19', '2025-07-29 17:38:22', '2025-08-03 17:38:22', 1);
INSERT INTO com_vote(id, post_id, title, created_at, closed_at, is_completed) VALUES(20, 2, '투표 제목 20', '2025-08-15 17:38:22', '2025-08-20 17:38:22', 0);
INSERT INTO com_vote(id, post_id, title, created_at, closed_at, is_completed) VALUES(21, 19, '투표 제목 21', '2025-08-05 17:38:22', '2025-08-10 17:38:22', 0);
INSERT INTO com_vote(id, post_id, title, created_at, closed_at, is_completed) VALUES(22, 10, '투표 제목 22', '2025-08-03 17:38:22', '2025-08-05 17:38:22', 0);
INSERT INTO com_vote(id, post_id, title, created_at, closed_at, is_completed) VALUES(23, 12, '투표 제목 23', '2025-08-15 17:38:22', '2025-08-20 17:38:22', 0);
INSERT INTO com_vote(id, post_id, title, created_at, closed_at, is_completed) VALUES(24, 1, '투표 제목 24', '2025-08-12 17:38:22', '2025-08-15 17:38:22', 0);
INSERT INTO com_vote(id, post_id, title, created_at, closed_at, is_completed) VALUES(25, 10, '투표 제목 25', '2025-08-18 17:38:22', '2025-08-21 17:38:22', 0);
INSERT INTO com_vote(id, post_id, title, created_at, closed_at, is_completed) VALUES(26, 32, '투표 제목 26', '2025-07-28 17:38:22', '2025-08-04 17:38:22', 1);
INSERT INTO com_vote(id, post_id, title, created_at, closed_at, is_completed) VALUES(27, 22, '투표 제목 27', '2025-08-02 17:38:22', '2025-08-03 17:38:22', 1);
INSERT INTO com_vote(id, post_id, title, created_at, closed_at, is_completed) VALUES(28, 17, '투표 제목 28', '2025-07-31 17:38:22', '2025-08-06 17:38:22', 1);
INSERT INTO com_vote(id, post_id, title, created_at, closed_at, is_completed) VALUES(29, 35, '투표 제목 29', '2025-07-23 17:38:22', '2025-07-25 17:38:22', 1);
INSERT INTO com_vote(id, post_id, title, created_at, closed_at, is_completed) VALUES(30, 6, '투표 제목 30', '2025-07-25 17:38:22', '2025-07-26 17:38:22', 1);
INSERT INTO com_vote(id, post_id, title, created_at, closed_at, is_completed) VALUES(31, 2, '투표 제목 31', '2025-08-09 17:38:22', '2025-08-16 17:38:22', 1);
INSERT INTO com_vote(id, post_id, title, created_at, closed_at, is_completed) VALUES(32, 30, '투표 제목 32', '2025-08-14 17:38:22', '2025-08-21 17:38:22', 1);
INSERT INTO com_vote(id, post_id, title, created_at, closed_at, is_completed) VALUES(33, 18, '투표 제목 33', '2025-08-03 17:38:22', '2025-08-06 17:38:22', 1);
INSERT INTO com_vote(id, post_id, title, created_at, closed_at, is_completed) VALUES(34, 17, '투표 제목 34', '2025-08-05 17:38:22', '2025-08-11 17:38:22', 0);
INSERT INTO com_vote(id, post_id, title, created_at, closed_at, is_completed) VALUES(35, 12, '투표 제목 35', '2025-08-16 17:38:22', '2025-08-18 17:38:22', 0);
INSERT INTO com_vote(id, post_id, title, created_at, closed_at, is_completed) VALUES(36, 1, '투표 제목 36', '2025-08-17 17:38:22', '2025-08-24 17:38:22', 0);
INSERT INTO com_vote(id, post_id, title, created_at, closed_at, is_completed) VALUES(37, 36, '투표 제목 37', '2025-08-04 17:38:22', '2025-08-09 17:38:22', 0);
INSERT INTO com_vote(id, post_id, title, created_at, closed_at, is_completed) VALUES(38, 5, '투표 제목 38', '2025-08-06 17:38:22', '2025-08-10 17:38:22', 0);
INSERT INTO com_vote(id, post_id, title, created_at, closed_at, is_completed) VALUES(39, 6, '투표 제목 39', '2025-07-22 17:38:22', '2025-07-28 17:38:22', 1);
INSERT INTO com_vote(id, post_id, title, created_at, closed_at, is_completed) VALUES(40, 31, '투표 제목 40', '2025-08-09 17:38:22', '2025-08-16 17:38:22', 0);
INSERT INTO com_vote_argument(id, vote_id, content) VALUES(1, 39, '투표 옵션 1');
INSERT INTO com_vote_argument(id, vote_id, content) VALUES(2, 22, '투표 옵션 2');
INSERT INTO com_vote_argument(id, vote_id, content) VALUES(3, 29, '투표 옵션 3');
INSERT INTO com_vote_argument(id, vote_id, content) VALUES(4, 40, '투표 옵션 4');
INSERT INTO com_vote_argument(id, vote_id, content) VALUES(5, 32, '투표 옵션 5');
INSERT INTO com_vote_argument(id, vote_id, content) VALUES(6, 2, '투표 옵션 6');
INSERT INTO com_vote_argument(id, vote_id, content) VALUES(7, 28, '투표 옵션 7');
INSERT INTO com_vote_argument(id, vote_id, content) VALUES(8, 18, '투표 옵션 8');
INSERT INTO com_vote_argument(id, vote_id, content) VALUES(9, 37, '투표 옵션 9');
INSERT INTO com_vote_argument(id, vote_id, content) VALUES(10, 40, '투표 옵션 10');
INSERT INTO com_vote_argument(id, vote_id, content) VALUES(11, 9, '투표 옵션 11');
INSERT INTO com_vote_argument(id, vote_id, content) VALUES(12, 4, '투표 옵션 12');
INSERT INTO com_vote_argument(id, vote_id, content) VALUES(13, 28, '투표 옵션 13');
INSERT INTO com_vote_argument(id, vote_id, content) VALUES(14, 32, '투표 옵션 14');
INSERT INTO com_vote_argument(id, vote_id, content) VALUES(15, 19, '투표 옵션 15');
INSERT INTO com_vote_argument(id, vote_id, content) VALUES(16, 32, '투표 옵션 16');
INSERT INTO com_vote_argument(id, vote_id, content) VALUES(17, 10, '투표 옵션 17');
INSERT INTO com_vote_argument(id, vote_id, content) VALUES(18, 15, '투표 옵션 18');
INSERT INTO com_vote_argument(id, vote_id, content) VALUES(19, 28, '투표 옵션 19');
INSERT INTO com_vote_argument(id, vote_id, content) VALUES(20, 23, '투표 옵션 20');
INSERT INTO com_vote_argument(id, vote_id, content) VALUES(21, 33, '투표 옵션 21');
INSERT INTO com_vote_argument(id, vote_id, content) VALUES(22, 15, '투표 옵션 22');
INSERT INTO com_vote_argument(id, vote_id, content) VALUES(23, 18, '투표 옵션 23');
INSERT INTO com_vote_argument(id, vote_id, content) VALUES(24, 1, '투표 옵션 24');
INSERT INTO com_vote_argument(id, vote_id, content) VALUES(25, 4, '투표 옵션 25');
INSERT INTO com_vote_argument(id, vote_id, content) VALUES(26, 2, '투표 옵션 26');
INSERT INTO com_vote_argument(id, vote_id, content) VALUES(27, 16, '투표 옵션 27');
INSERT INTO com_vote_argument(id, vote_id, content) VALUES(28, 24, '투표 옵션 28');
INSERT INTO com_vote_argument(id, vote_id, content) VALUES(29, 13, '투표 옵션 29');
INSERT INTO com_vote_argument(id, vote_id, content) VALUES(30, 7, '투표 옵션 30');
INSERT INTO com_vote_argument(id, vote_id, content) VALUES(31, 1, '투표 옵션 31');
INSERT INTO com_vote_argument(id, vote_id, content) VALUES(32, 20, '투표 옵션 32');
INSERT INTO com_vote_argument(id, vote_id, content) VALUES(33, 6, '투표 옵션 33');
INSERT INTO com_vote_argument(id, vote_id, content) VALUES(34, 13, '투표 옵션 34');
INSERT INTO com_vote_argument(id, vote_id, content) VALUES(35, 31, '투표 옵션 35');
INSERT INTO com_vote_argument(id, vote_id, content) VALUES(36, 25, '투표 옵션 36');
INSERT INTO com_vote_argument(id, vote_id, content) VALUES(37, 27, '투표 옵션 37');
INSERT INTO com_vote_argument(id, vote_id, content) VALUES(38, 10, '투표 옵션 38');
INSERT INTO com_vote_argument(id, vote_id, content) VALUES(39, 24, '투표 옵션 39');
INSERT INTO com_vote_argument(id, vote_id, content) VALUES(40, 9, '투표 옵션 40');
INSERT INTO com_vote_argument(id, vote_id, content) VALUES(41, 4, '투표 옵션 41');
INSERT INTO com_vote_argument(id, vote_id, content) VALUES(42, 31, '투표 옵션 42');
INSERT INTO com_vote_argument(id, vote_id, content) VALUES(43, 21, '투표 옵션 43');
INSERT INTO com_vote_argument(id, vote_id, content) VALUES(44, 29, '투표 옵션 44');
INSERT INTO com_vote_argument(id, vote_id, content) VALUES(45, 27, '투표 옵션 45');
INSERT INTO com_vote_argument(id, vote_id, content) VALUES(46, 15, '투표 옵션 46');
INSERT INTO com_vote_argument(id, vote_id, content) VALUES(47, 25, '투표 옵션 47');
INSERT INTO com_vote_argument(id, vote_id, content) VALUES(48, 13, '투표 옵션 48');
INSERT INTO com_vote_argument(id, vote_id, content) VALUES(49, 36, '투표 옵션 49');
INSERT INTO com_vote_argument(id, vote_id, content) VALUES(50, 22, '투표 옵션 50');
INSERT INTO com_vote_argument(id, vote_id, content) VALUES(51, 35, '투표 옵션 51');
INSERT INTO com_vote_argument(id, vote_id, content) VALUES(52, 4, '투표 옵션 52');
INSERT INTO com_vote_argument(id, vote_id, content) VALUES(53, 13, '투표 옵션 53');
INSERT INTO com_vote_argument(id, vote_id, content) VALUES(54, 25, '투표 옵션 54');
INSERT INTO com_vote_argument(id, vote_id, content) VALUES(55, 29, '투표 옵션 55');
INSERT INTO com_vote_argument(id, vote_id, content) VALUES(56, 5, '투표 옵션 56');
INSERT INTO com_vote_argument(id, vote_id, content) VALUES(57, 15, '투표 옵션 57');
INSERT INTO com_vote_argument(id, vote_id, content) VALUES(58, 38, '투표 옵션 58');
INSERT INTO com_vote_argument(id, vote_id, content) VALUES(59, 20, '투표 옵션 59');
INSERT INTO com_vote_argument(id, vote_id, content) VALUES(60, 37, '투표 옵션 60');
INSERT INTO com_vote_argument(id, vote_id, content) VALUES(61, 11, '투표 옵션 61');
INSERT INTO com_vote_argument(id, vote_id, content) VALUES(62, 26, '투표 옵션 62');
INSERT INTO com_vote_argument(id, vote_id, content) VALUES(63, 33, '투표 옵션 63');
INSERT INTO com_vote_argument(id, vote_id, content) VALUES(64, 35, '투표 옵션 64');
INSERT INTO com_vote_argument(id, vote_id, content) VALUES(65, 13, '투표 옵션 65');
INSERT INTO com_vote_argument(id, vote_id, content) VALUES(66, 18, '투표 옵션 66');
INSERT INTO com_vote_argument(id, vote_id, content) VALUES(67, 28, '투표 옵션 67');
INSERT INTO com_vote_argument(id, vote_id, content) VALUES(68, 2, '투표 옵션 68');
INSERT INTO com_vote_argument(id, vote_id, content) VALUES(69, 22, '투표 옵션 69');
INSERT INTO com_vote_argument(id, vote_id, content) VALUES(70, 40, '투표 옵션 70');
INSERT INTO com_vote_argument(id, vote_id, content) VALUES(71, 11, '투표 옵션 71');
INSERT INTO com_vote_argument(id, vote_id, content) VALUES(72, 25, '투표 옵션 72');
INSERT INTO com_vote_argument(id, vote_id, content) VALUES(73, 17, '투표 옵션 73');
INSERT INTO com_vote_argument(id, vote_id, content) VALUES(74, 19, '투표 옵션 74');
INSERT INTO com_vote_argument(id, vote_id, content) VALUES(75, 8, '투표 옵션 75');
INSERT INTO com_vote_argument(id, vote_id, content) VALUES(76, 20, '투표 옵션 76');
INSERT INTO com_vote_argument(id, vote_id, content) VALUES(77, 36, '투표 옵션 77');
INSERT INTO com_vote_argument(id, vote_id, content) VALUES(78, 19, '투표 옵션 78');
INSERT INTO com_vote_argument(id, vote_id, content) VALUES(79, 19, '투표 옵션 79');
INSERT INTO com_vote_argument(id, vote_id, content) VALUES(80, 34, '투표 옵션 80');
INSERT INTO com_vote_argument(id, vote_id, content) VALUES(81, 23, '투표 옵션 81');
INSERT INTO com_vote_argument(id, vote_id, content) VALUES(82, 40, '투표 옵션 82');
INSERT INTO com_vote_argument(id, vote_id, content) VALUES(83, 29, '투표 옵션 83');
INSERT INTO com_vote_argument(id, vote_id, content) VALUES(84, 20, '투표 옵션 84');
INSERT INTO com_vote_argument(id, vote_id, content) VALUES(85, 25, '투표 옵션 85');
INSERT INTO com_vote_argument(id, vote_id, content) VALUES(86, 5, '투표 옵션 86');
INSERT INTO com_vote_argument(id, vote_id, content) VALUES(87, 34, '투표 옵션 87');
INSERT INTO com_vote_argument(id, vote_id, content) VALUES(88, 24, '투표 옵션 88');
INSERT INTO com_vote_argument(id, vote_id, content) VALUES(89, 16, '투표 옵션 89');
INSERT INTO com_vote_argument(id, vote_id, content) VALUES(90, 3, '투표 옵션 90');
INSERT INTO com_vote_argument(id, vote_id, content) VALUES(91, 19, '투표 옵션 91');
INSERT INTO com_vote_argument(id, vote_id, content) VALUES(92, 7, '투표 옵션 92');
INSERT INTO com_vote_argument(id, vote_id, content) VALUES(93, 40, '투표 옵션 93');
INSERT INTO com_vote_argument(id, vote_id, content) VALUES(94, 31, '투표 옵션 94');
INSERT INTO com_vote_argument(id, vote_id, content) VALUES(95, 27, '투표 옵션 95');
INSERT INTO com_vote_argument(id, vote_id, content) VALUES(96, 16, '투표 옵션 96');
INSERT INTO com_vote_argument(id, vote_id, content) VALUES(97, 27, '투표 옵션 97');
INSERT INTO com_vote_argument(id, vote_id, content) VALUES(98, 9, '투표 옵션 98');
INSERT INTO com_vote_argument(id, vote_id, content) VALUES(99, 14, '투표 옵션 99');
INSERT INTO com_vote_argument(id, vote_id, content) VALUES(100, 38, '투표 옵션 100');
INSERT INTO com_vote_argument(id, vote_id, content) VALUES(101, 36, '투표 옵션 101');
INSERT INTO com_vote_argument(id, vote_id, content) VALUES(102, 29, '투표 옵션 102');
INSERT INTO com_vote_argument(id, vote_id, content) VALUES(103, 33, '투표 옵션 103');
INSERT INTO com_vote_argument(id, vote_id, content) VALUES(104, 5, '투표 옵션 104');
INSERT INTO com_vote_argument(id, vote_id, content) VALUES(105, 3, '투표 옵션 105');
INSERT INTO com_vote_argument(id, vote_id, content) VALUES(106, 17, '투표 옵션 106');
INSERT INTO com_vote_argument(id, vote_id, content) VALUES(107, 12, '투표 옵션 107');
INSERT INTO com_vote_argument(id, vote_id, content) VALUES(108, 33, '투표 옵션 108');
INSERT INTO com_vote_argument(id, vote_id, content) VALUES(109, 6, '투표 옵션 109');
INSERT INTO com_vote_argument(id, vote_id, content) VALUES(110, 3, '투표 옵션 110');
INSERT INTO com_vote_argument(id, vote_id, content) VALUES(111, 26, '투표 옵션 111');
INSERT INTO com_vote_argument(id, vote_id, content) VALUES(112, 38, '투표 옵션 112');
INSERT INTO com_vote_argument(id, vote_id, content) VALUES(113, 20, '투표 옵션 113');
INSERT INTO com_vote_argument(id, vote_id, content) VALUES(114, 4, '투표 옵션 114');
INSERT INTO com_vote_argument(id, vote_id, content) VALUES(115, 36, '투표 옵션 115');
INSERT INTO com_vote_argument(id, vote_id, content) VALUES(116, 22, '투표 옵션 116');
INSERT INTO com_vote_argument(id, vote_id, content) VALUES(117, 29, '투표 옵션 117');
INSERT INTO com_vote_argument(id, vote_id, content) VALUES(118, 19, '투표 옵션 118');
INSERT INTO com_vote_argument(id, vote_id, content) VALUES(119, 38, '투표 옵션 119');
INSERT INTO com_vote_argument(id, vote_id, content) VALUES(120, 30, '투표 옵션 120');
INSERT INTO vote_result(id, vote_id, arg_id, count, created_at) VALUES(1, 37, 110, 17, '2025-08-17 17:38:22');
INSERT INTO vote_result(id, vote_id, arg_id, count, created_at) VALUES(2, 15, 32, 15, '2025-07-31 17:38:22');
INSERT INTO vote_result(id, vote_id, arg_id, count, created_at) VALUES(3, 18, 6, 7, '2025-07-25 17:38:22');
INSERT INTO vote_result(id, vote_id, arg_id, count, created_at) VALUES(4, 32, 54, 0, '2025-07-23 17:38:22');
INSERT INTO vote_result(id, vote_id, arg_id, count, created_at) VALUES(5, 1, 95, 1, '2025-07-28 17:38:22');
INSERT INTO vote_result(id, vote_id, arg_id, count, created_at) VALUES(6, 12, 28, 12, '2025-08-12 17:38:22');
INSERT INTO vote_result(id, vote_id, arg_id, count, created_at) VALUES(7, 27, 70, 0, '2025-08-07 17:38:22');
INSERT INTO vote_result(id, vote_id, arg_id, count, created_at) VALUES(8, 14, 78, 12, '2025-08-17 17:38:22');
INSERT INTO vote_result(id, vote_id, arg_id, count, created_at) VALUES(9, 32, 22, 2, '2025-08-04 17:38:22');
INSERT INTO vote_result(id, vote_id, arg_id, count, created_at) VALUES(10, 21, 49, 12, '2025-08-01 17:38:22');
INSERT INTO vote_result(id, vote_id, arg_id, count, created_at) VALUES(11, 34, 84, 17, '2025-08-01 17:38:22');
INSERT INTO vote_result(id, vote_id, arg_id, count, created_at) VALUES(12, 10, 40, 7, '2025-08-14 17:38:22');
INSERT INTO vote_result(id, vote_id, arg_id, count, created_at) VALUES(13, 31, 107, 8, '2025-08-18 17:38:22');
INSERT INTO vote_result(id, vote_id, arg_id, count, created_at) VALUES(14, 30, 109, 16, '2025-08-11 17:38:22');
INSERT INTO vote_result(id, vote_id, arg_id, count, created_at) VALUES(15, 36, 54, 16, '2025-08-09 17:38:22');
INSERT INTO vote_result(id, vote_id, arg_id, count, created_at) VALUES(16, 31, 114, 6, '2025-07-28 17:38:22');
INSERT INTO vote_result(id, vote_id, arg_id, count, created_at) VALUES(17, 15, 17, 0, '2025-08-03 17:38:22');
INSERT INTO vote_result(id, vote_id, arg_id, count, created_at) VALUES(18, 11, 81, 13, '2025-08-15 17:38:22');
INSERT INTO vote_result(id, vote_id, arg_id, count, created_at) VALUES(19, 21, 25, 18, '2025-08-14 17:38:22');
INSERT INTO vote_result(id, vote_id, arg_id, count, created_at) VALUES(20, 1, 120, 18, '2025-07-21 17:38:22');
INSERT INTO vote_result(id, vote_id, arg_id, count, created_at) VALUES(21, 6, 71, 9, '2025-08-04 17:38:22');
INSERT INTO vote_result(id, vote_id, arg_id, count, created_at) VALUES(22, 36, 57, 18, '2025-08-03 17:38:22');
INSERT INTO vote_result(id, vote_id, arg_id, count, created_at) VALUES(23, 35, 22, 4, '2025-08-06 17:38:22');
INSERT INTO vote_result(id, vote_id, arg_id, count, created_at) VALUES(24, 26, 108, 5, '2025-08-05 17:38:22');
INSERT INTO vote_result(id, vote_id, arg_id, count, created_at) VALUES(25, 8, 81, 9, '2025-08-16 17:38:22');
INSERT INTO vote_result(id, vote_id, arg_id, count, created_at) VALUES(26, 37, 4, 4, '2025-08-01 17:38:22');
INSERT INTO vote_result(id, vote_id, arg_id, count, created_at) VALUES(27, 15, 31, 5, '2025-07-24 17:38:22');
INSERT INTO vote_result(id, vote_id, arg_id, count, created_at) VALUES(28, 36, 40, 10, '2025-07-30 17:38:22');
INSERT INTO vote_result(id, vote_id, arg_id, count, created_at) VALUES(29, 24, 37, 2, '2025-07-20 17:38:22');
INSERT INTO vote_result(id, vote_id, arg_id, count, created_at) VALUES(30, 18, 19, 20, '2025-08-16 17:38:22');
INSERT INTO vote_result(id, vote_id, arg_id, count, created_at) VALUES(31, 40, 117, 2, '2025-07-27 17:38:22');
INSERT INTO vote_result(id, vote_id, arg_id, count, created_at) VALUES(32, 33, 15, 17, '2025-07-30 17:38:22');
INSERT INTO vote_result(id, vote_id, arg_id, count, created_at) VALUES(33, 15, 40, 19, '2025-08-05 17:38:22');
INSERT INTO vote_result(id, vote_id, arg_id, count, created_at) VALUES(34, 2, 58, 8, '2025-07-30 17:38:22');
INSERT INTO vote_result(id, vote_id, arg_id, count, created_at) VALUES(35, 17, 16, 6, '2025-08-03 17:38:22');
INSERT INTO vote_result(id, vote_id, arg_id, count, created_at) VALUES(36, 32, 45, 11, '2025-07-21 17:38:22');
INSERT INTO vote_result(id, vote_id, arg_id, count, created_at) VALUES(37, 11, 78, 1, '2025-07-21 17:38:22');
INSERT INTO vote_result(id, vote_id, arg_id, count, created_at) VALUES(38, 23, 77, 11, '2025-08-04 17:38:22');
INSERT INTO vote_result(id, vote_id, arg_id, count, created_at) VALUES(39, 36, 87, 3, '2025-08-11 17:38:22');
INSERT INTO vote_result(id, vote_id, arg_id, count, created_at) VALUES(40, 9, 6, 17, '2025-08-06 17:38:22');
INSERT INTO vote_result(id, vote_id, arg_id, count, created_at) VALUES(41, 7, 72, 6, '2025-08-11 17:38:22');
INSERT INTO vote_result(id, vote_id, arg_id, count, created_at) VALUES(42, 31, 106, 16, '2025-07-21 17:38:22');
INSERT INTO vote_result(id, vote_id, arg_id, count, created_at) VALUES(43, 33, 113, 14, '2025-08-06 17:38:22');
INSERT INTO vote_result(id, vote_id, arg_id, count, created_at) VALUES(44, 16, 102, 19, '2025-08-06 17:38:22');
INSERT INTO vote_result(id, vote_id, arg_id, count, created_at) VALUES(45, 19, 3, 15, '2025-08-05 17:38:22');
INSERT INTO vote_result(id, vote_id, arg_id, count, created_at) VALUES(46, 34, 21, 6, '2025-07-30 17:38:22');
INSERT INTO vote_result(id, vote_id, arg_id, count, created_at) VALUES(47, 31, 100, 8, '2025-08-18 17:38:22');
INSERT INTO vote_result(id, vote_id, arg_id, count, created_at) VALUES(48, 38, 57, 6, '2025-08-07 17:38:22');
INSERT INTO vote_result(id, vote_id, arg_id, count, created_at) VALUES(49, 20, 9, 7, '2025-08-03 17:38:22');
INSERT INTO vote_result(id, vote_id, arg_id, count, created_at) VALUES(50, 32, 23, 16, '2025-07-25 17:38:22');
INSERT INTO vote_result(id, vote_id, arg_id, count, created_at) VALUES(51, 4, 45, 2, '2025-08-18 17:38:22');
INSERT INTO vote_result(id, vote_id, arg_id, count, created_at) VALUES(52, 35, 100, 8, '2025-07-28 17:38:22');
INSERT INTO vote_result(id, vote_id, arg_id, count, created_at) VALUES(53, 2, 84, 12, '2025-08-18 17:38:22');
INSERT INTO vote_result(id, vote_id, arg_id, count, created_at) VALUES(54, 1, 24, 5, '2025-08-13 17:38:22');
INSERT INTO vote_result(id, vote_id, arg_id, count, created_at) VALUES(55, 38, 36, 6, '2025-08-09 17:38:22');
INSERT INTO vote_result(id, vote_id, arg_id, count, created_at) VALUES(56, 36, 1, 13, '2025-08-09 17:38:22');
INSERT INTO vote_result(id, vote_id, arg_id, count, created_at) VALUES(57, 38, 10, 0, '2025-07-24 17:38:22');
INSERT INTO vote_result(id, vote_id, arg_id, count, created_at) VALUES(58, 16, 114, 9, '2025-08-05 17:38:22');
INSERT INTO vote_result(id, vote_id, arg_id, count, created_at) VALUES(59, 18, 1, 12, '2025-08-07 17:38:22');
INSERT INTO vote_result(id, vote_id, arg_id, count, created_at) VALUES(60, 8, 105, 8, '2025-08-03 17:38:22');
INSERT INTO vote_status(id, arg_id, user_id, created_at) VALUES(1, 49, 28, '2025-07-20 17:38:22');
INSERT INTO vote_status(id, arg_id, user_id, created_at) VALUES(2, 108, 45, '2025-08-16 17:38:22');
INSERT INTO vote_status(id, arg_id, user_id, created_at) VALUES(3, 4, 8, '2025-07-25 17:38:22');
INSERT INTO vote_status(id, arg_id, user_id, created_at) VALUES(4, 105, 7, '2025-08-06 17:38:22');
INSERT INTO vote_status(id, arg_id, user_id, created_at) VALUES(5, 65, 39, '2025-08-11 17:38:22');
INSERT INTO vote_status(id, arg_id, user_id, created_at) VALUES(6, 79, 23, '2025-08-16 17:38:22');
INSERT INTO vote_status(id, arg_id, user_id, created_at) VALUES(7, 11, 49, '2025-08-05 17:38:22');
INSERT INTO vote_status(id, arg_id, user_id, created_at) VALUES(8, 19, 1, '2025-08-06 17:38:22');
INSERT INTO vote_status(id, arg_id, user_id, created_at) VALUES(9, 113, 44, '2025-07-28 17:38:22');
INSERT INTO vote_status(id, arg_id, user_id, created_at) VALUES(10, 34, 9, '2025-08-06 17:38:22');
INSERT INTO vote_status(id, arg_id, user_id, created_at) VALUES(11, 69, 8, '2025-07-24 17:38:22');
INSERT INTO vote_status(id, arg_id, user_id, created_at) VALUES(12, 33, 48, '2025-08-17 17:38:22');
INSERT INTO vote_status(id, arg_id, user_id, created_at) VALUES(13, 83, 45, '2025-07-22 17:38:22');
INSERT INTO vote_status(id, arg_id, user_id, created_at) VALUES(14, 12, 43, '2025-07-25 17:38:22');
INSERT INTO vote_status(id, arg_id, user_id, created_at) VALUES(15, 53, 13, '2025-07-31 17:38:22');
INSERT INTO vote_status(id, arg_id, user_id, created_at) VALUES(16, 39, 34, '2025-08-09 17:38:22');
INSERT INTO vote_status(id, arg_id, user_id, created_at) VALUES(17, 7, 38, '2025-07-22 17:38:22');
INSERT INTO vote_status(id, arg_id, user_id, created_at) VALUES(18, 22, 11, '2025-08-01 17:38:22');
INSERT INTO vote_status(id, arg_id, user_id, created_at) VALUES(19, 92, 31, '2025-08-13 17:38:22');
INSERT INTO vote_status(id, arg_id, user_id, created_at) VALUES(20, 49, 28, '2025-07-27 17:38:22');
INSERT INTO vote_status(id, arg_id, user_id, created_at) VALUES(21, 107, 19, '2025-08-16 17:38:22');
INSERT INTO vote_status(id, arg_id, user_id, created_at) VALUES(22, 104, 24, '2025-07-30 17:38:22');
INSERT INTO vote_status(id, arg_id, user_id, created_at) VALUES(23, 31, 4, '2025-08-12 17:38:22');
INSERT INTO vote_status(id, arg_id, user_id, created_at) VALUES(24, 1, 18, '2025-08-13 17:38:22');
INSERT INTO vote_status(id, arg_id, user_id, created_at) VALUES(25, 25, 27, '2025-08-08 17:38:22');
INSERT INTO vote_status(id, arg_id, user_id, created_at) VALUES(26, 90, 26, '2025-07-22 17:38:22');
INSERT INTO vote_status(id, arg_id, user_id, created_at) VALUES(27, 112, 41, '2025-08-12 17:38:22');
INSERT INTO vote_status(id, arg_id, user_id, created_at) VALUES(28, 36, 11, '2025-07-28 17:38:22');
INSERT INTO vote_status(id, arg_id, user_id, created_at) VALUES(29, 51, 3, '2025-08-07 17:38:22');
INSERT INTO vote_status(id, arg_id, user_id, created_at) VALUES(30, 46, 15, '2025-08-17 17:38:22');
INSERT INTO vote_status(id, arg_id, user_id, created_at) VALUES(31, 24, 22, '2025-07-30 17:38:22');
INSERT INTO vote_status(id, arg_id, user_id, created_at) VALUES(32, 39, 21, '2025-08-06 17:38:22');
INSERT INTO vote_status(id, arg_id, user_id, created_at) VALUES(33, 56, 9, '2025-07-26 17:38:22');
INSERT INTO vote_status(id, arg_id, user_id, created_at) VALUES(34, 38, 25, '2025-07-23 17:38:22');
INSERT INTO vote_status(id, arg_id, user_id, created_at) VALUES(35, 16, 44, '2025-08-16 17:38:22');
INSERT INTO vote_status(id, arg_id, user_id, created_at) VALUES(36, 4, 28, '2025-07-28 17:38:22');
INSERT INTO vote_status(id, arg_id, user_id, created_at) VALUES(37, 18, 4, '2025-07-28 17:38:22');
INSERT INTO vote_status(id, arg_id, user_id, created_at) VALUES(38, 21, 7, '2025-08-02 17:38:22');
INSERT INTO vote_status(id, arg_id, user_id, created_at) VALUES(39, 21, 30, '2025-08-09 17:38:22');
INSERT INTO vote_status(id, arg_id, user_id, created_at) VALUES(40, 11, 11, '2025-07-21 17:38:22');
INSERT INTO vote_status(id, arg_id, user_id, created_at) VALUES(41, 98, 12, '2025-07-31 17:38:22');
INSERT INTO vote_status(id, arg_id, user_id, created_at) VALUES(42, 96, 11, '2025-08-07 17:38:22');
INSERT INTO vote_status(id, arg_id, user_id, created_at) VALUES(43, 8, 23, '2025-07-29 17:38:22');
INSERT INTO vote_status(id, arg_id, user_id, created_at) VALUES(44, 99, 49, '2025-07-30 17:38:22');
INSERT INTO vote_status(id, arg_id, user_id, created_at) VALUES(45, 56, 16, '2025-08-02 17:38:22');
INSERT INTO vote_status(id, arg_id, user_id, created_at) VALUES(46, 41, 9, '2025-08-16 17:38:22');
INSERT INTO vote_status(id, arg_id, user_id, created_at) VALUES(47, 81, 50, '2025-08-16 17:38:22');
INSERT INTO vote_status(id, arg_id, user_id, created_at) VALUES(48, 88, 19, '2025-08-07 17:38:22');
INSERT INTO vote_status(id, arg_id, user_id, created_at) VALUES(49, 70, 20, '2025-07-22 17:38:22');
INSERT INTO vote_status(id, arg_id, user_id, created_at) VALUES(50, 11, 20, '2025-08-06 17:38:22');
INSERT INTO vote_status(id, arg_id, user_id, created_at) VALUES(51, 90, 15, '2025-08-13 17:38:22');
INSERT INTO vote_status(id, arg_id, user_id, created_at) VALUES(52, 69, 3, '2025-08-11 17:38:22');
INSERT INTO vote_status(id, arg_id, user_id, created_at) VALUES(53, 108, 8, '2025-07-23 17:38:22');
INSERT INTO vote_status(id, arg_id, user_id, created_at) VALUES(54, 17, 18, '2025-08-02 17:38:22');
INSERT INTO vote_status(id, arg_id, user_id, created_at) VALUES(55, 16, 26, '2025-08-03 17:38:22');
INSERT INTO vote_status(id, arg_id, user_id, created_at) VALUES(56, 68, 8, '2025-07-29 17:38:22');
INSERT INTO vote_status(id, arg_id, user_id, created_at) VALUES(57, 59, 34, '2025-07-31 17:38:22');
INSERT INTO vote_status(id, arg_id, user_id, created_at) VALUES(58, 26, 46, '2025-07-24 17:38:22');
INSERT INTO vote_status(id, arg_id, user_id, created_at) VALUES(59, 26, 5, '2025-07-20 17:38:22');
INSERT INTO vote_status(id, arg_id, user_id, created_at) VALUES(60, 71, 31, '2025-08-16 17:38:22');
INSERT INTO vote_status(id, arg_id, user_id, created_at) VALUES(61, 71, 17, '2025-08-01 17:38:22');
INSERT INTO vote_status(id, arg_id, user_id, created_at) VALUES(62, 30, 9, '2025-08-14 17:38:22');
INSERT INTO vote_status(id, arg_id, user_id, created_at) VALUES(63, 105, 12, '2025-07-28 17:38:22');
INSERT INTO vote_status(id, arg_id, user_id, created_at) VALUES(64, 80, 24, '2025-07-27 17:38:22');
INSERT INTO vote_status(id, arg_id, user_id, created_at) VALUES(65, 1, 17, '2025-07-24 17:38:22');
INSERT INTO vote_status(id, arg_id, user_id, created_at) VALUES(66, 63, 25, '2025-08-06 17:38:22');
INSERT INTO vote_status(id, arg_id, user_id, created_at) VALUES(67, 113, 8, '2025-08-14 17:38:22');
INSERT INTO vote_status(id, arg_id, user_id, created_at) VALUES(68, 113, 36, '2025-08-05 17:38:22');
INSERT INTO vote_status(id, arg_id, user_id, created_at) VALUES(69, 93, 41, '2025-08-16 17:38:22');
INSERT INTO vote_status(id, arg_id, user_id, created_at) VALUES(70, 65, 35, '2025-08-03 17:38:22');
INSERT INTO vote_status(id, arg_id, user_id, created_at) VALUES(71, 72, 45, '2025-07-30 17:38:22');
INSERT INTO vote_status(id, arg_id, user_id, created_at) VALUES(72, 29, 9, '2025-07-24 17:38:22');
INSERT INTO vote_status(id, arg_id, user_id, created_at) VALUES(73, 41, 34, '2025-08-08 17:38:22');
INSERT INTO vote_status(id, arg_id, user_id, created_at) VALUES(74, 114, 44, '2025-07-25 17:38:22');
INSERT INTO vote_status(id, arg_id, user_id, created_at) VALUES(75, 57, 20, '2025-08-04 17:38:22');
INSERT INTO vote_status(id, arg_id, user_id, created_at) VALUES(76, 81, 36, '2025-08-09 17:38:22');
INSERT INTO vote_status(id, arg_id, user_id, created_at) VALUES(77, 9, 39, '2025-08-17 17:38:22');
INSERT INTO vote_status(id, arg_id, user_id, created_at) VALUES(78, 99, 20, '2025-07-25 17:38:22');
INSERT INTO vote_status(id, arg_id, user_id, created_at) VALUES(79, 72, 23, '2025-08-04 17:38:22');
INSERT INTO vote_status(id, arg_id, user_id, created_at) VALUES(80, 48, 21, '2025-08-11 17:38:22');
INSERT INTO vote_status(id, arg_id, user_id, created_at) VALUES(81, 101, 27, '2025-07-23 17:38:22');
INSERT INTO vote_status(id, arg_id, user_id, created_at) VALUES(82, 76, 1, '2025-08-05 17:38:22');
INSERT INTO vote_status(id, arg_id, user_id, created_at) VALUES(83, 1, 48, '2025-07-25 17:38:22');
INSERT INTO vote_status(id, arg_id, user_id, created_at) VALUES(84, 54, 13, '2025-07-25 17:38:22');
INSERT INTO vote_status(id, arg_id, user_id, created_at) VALUES(85, 39, 15, '2025-07-23 17:38:22');
INSERT INTO vote_status(id, arg_id, user_id, created_at) VALUES(86, 62, 36, '2025-07-28 17:38:22');
INSERT INTO vote_status(id, arg_id, user_id, created_at) VALUES(87, 20, 49, '2025-07-20 17:38:22');
INSERT INTO vote_status(id, arg_id, user_id, created_at) VALUES(88, 97, 48, '2025-08-01 17:38:22');
INSERT INTO vote_status(id, arg_id, user_id, created_at) VALUES(89, 6, 13, '2025-07-25 17:38:22');
INSERT INTO vote_status(id, arg_id, user_id, created_at) VALUES(90, 73, 31, '2025-07-21 17:38:22');
INSERT INTO vote_status(id, arg_id, user_id, created_at) VALUES(91, 75, 20, '2025-07-23 17:38:22');
INSERT INTO vote_status(id, arg_id, user_id, created_at) VALUES(92, 99, 17, '2025-08-08 17:38:22');
INSERT INTO vote_status(id, arg_id, user_id, created_at) VALUES(93, 94, 4, '2025-08-02 17:38:22');
INSERT INTO vote_status(id, arg_id, user_id, created_at) VALUES(94, 101, 7, '2025-07-26 17:38:22');
INSERT INTO vote_status(id, arg_id, user_id, created_at) VALUES(95, 119, 2, '2025-07-27 17:38:22');
INSERT INTO vote_status(id, arg_id, user_id, created_at) VALUES(96, 109, 24, '2025-08-13 17:38:22');
INSERT INTO vote_status(id, arg_id, user_id, created_at) VALUES(97, 63, 2, '2025-08-06 17:38:22');
INSERT INTO vote_status(id, arg_id, user_id, created_at) VALUES(98, 91, 21, '2025-07-31 17:38:22');
INSERT INTO vote_status(id, arg_id, user_id, created_at) VALUES(99, 36, 48, '2025-08-05 17:38:22');
INSERT INTO vote_status(id, arg_id, user_id, created_at) VALUES(100, 110, 22, '2025-08-08 17:38:22');
