
INSERT INTO community_category(id, is_kor, name, created_at) VALUES(1, 1, '음악', '2025-08-18 17:16:51');
INSERT INTO community_category(id, is_kor, name, created_at) VALUES(2, 1, '영화', '2025-08-18 17:16:51');
INSERT INTO community_category(id, is_kor, name, created_at) VALUES(3, 1, '게임', '2025-08-18 17:16:51');
INSERT INTO community_category(id, is_kor, name, created_at) VALUES(4, 1, '책', '2025-08-18 17:16:51');
INSERT INTO community_category(id, is_kor, name, created_at) VALUES(5, 1, '기타', '2025-08-18 17:16:51');
INSERT INTO community(id, category_id, creator_id, name, description, created_at) VALUES(1, 1, 38, '커뮤니티1', '커뮤니티 설명 1', '2025-08-01 17:16:51');
INSERT INTO community(id, category_id, creator_id, name, description, created_at) VALUES(2, 4, 18, '커뮤니티2', '커뮤니티 설명 2', '2025-07-31 17:16:51');
INSERT INTO community(id, category_id, creator_id, name, description, created_at) VALUES(3, 3, 16, '커뮤니티3', '커뮤니티 설명 3', '2025-07-19 17:16:51');
INSERT INTO community(id, category_id, creator_id, name, description, created_at) VALUES(4, 3, 7, '커뮤니티4', '커뮤니티 설명 4', '2025-08-12 17:16:51');
INSERT INTO community(id, category_id, creator_id, name, description, created_at) VALUES(5, 3, 24, '커뮤니티5', '커뮤니티 설명 5', '2025-07-26 17:16:51');
INSERT INTO community(id, category_id, creator_id, name, description, created_at) VALUES(6, 2, 7, '커뮤니티6', '커뮤니티 설명 6', '2025-08-05 17:16:51');
INSERT INTO community(id, category_id, creator_id, name, description, created_at) VALUES(7, 5, 43, '커뮤니티7', '커뮤니티 설명 7', '2025-08-07 17:16:51');
INSERT INTO community(id, category_id, creator_id, name, description, created_at) VALUES(8, 4, 41, '커뮤니티8', '커뮤니티 설명 8', '2025-07-28 17:16:51');
INSERT INTO community(id, category_id, creator_id, name, description, created_at) VALUES(9, 5, 39, '커뮤니티9', '커뮤니티 설명 9', '2025-07-24 17:16:51');
INSERT INTO community(id, category_id, creator_id, name, description, created_at) VALUES(10, 1, 25, '커뮤니티10', '커뮤니티 설명 10', '2025-08-15 17:16:51');
INSERT INTO community(id, category_id, creator_id, name, description, created_at) VALUES(11, 4, 39, '커뮤니티11', '커뮤니티 설명 11', '2025-08-04 17:16:51');
INSERT INTO community(id, category_id, creator_id, name, description, created_at) VALUES(12, 1, 16, '커뮤니티12', '커뮤니티 설명 12', '2025-07-30 17:16:51');
INSERT INTO community(id, category_id, creator_id, name, description, created_at) VALUES(13, 4, 25, '커뮤니티13', '커뮤니티 설명 13', '2025-08-18 17:16:51');
INSERT INTO community(id, category_id, creator_id, name, description, created_at) VALUES(14, 1, 43, '커뮤니티14', '커뮤니티 설명 14', '2025-08-08 17:16:51');
INSERT INTO community(id, category_id, creator_id, name, description, created_at) VALUES(15, 3, 34, '커뮤니티15', '커뮤니티 설명 15', '2025-08-01 17:16:51');
INSERT INTO community(id, category_id, creator_id, name, description, created_at) VALUES(16, 3, 26, '커뮤니티16', '커뮤니티 설명 16', '2025-07-28 17:16:51');
INSERT INTO community(id, category_id, creator_id, name, description, created_at) VALUES(17, 1, 22, '커뮤니티17', '커뮤니티 설명 17', '2025-08-17 17:16:51');
INSERT INTO community(id, category_id, creator_id, name, description, created_at) VALUES(18, 5, 5, '커뮤니티18', '커뮤니티 설명 18', '2025-08-15 17:16:51');
INSERT INTO community(id, category_id, creator_id, name, description, created_at) VALUES(19, 4, 49, '커뮤니티19', '커뮤니티 설명 19', '2025-08-17 17:16:51');
INSERT INTO community(id, category_id, creator_id, name, description, created_at) VALUES(20, 3, 34, '커뮤니티20', '커뮤니티 설명 20', '2025-07-22 17:16:51');
INSERT INTO board_post(id, community_id, user_id, title, content, created_at, type, views, track_id, thumbnail_url) VALUES(1, 8, 48, '게시글1', '게시글 내용 1', '2025-08-08 17:16:51', NULL, 0, '6bvZRLLkBKkmgpBJTTj3QK', '/img/profileImg.png');
INSERT INTO board_post(id, community_id, user_id, title, content, created_at, type, views, track_id, thumbnail_url) VALUES(2, 6, 16, '게시글2', '게시글 내용 2', '2025-08-06 17:16:51', NULL, 0, '4QOZCYcZYf35zWewgZrlOE', '/img/profileImg.png');
INSERT INTO board_post(id, community_id, user_id, title, content, created_at, type, views, track_id, thumbnail_url) VALUES(3, 20, 46, '게시글3', '게시글 내용 3', '2025-08-05 17:16:51', NULL, 0, '0QU89iGQgyw6f3wNkRJelN', '/img/profileImg.png');
INSERT INTO board_post(id, community_id, user_id, title, content, created_at, type, views, track_id, thumbnail_url) VALUES(4, 3, 43, '게시글4', '게시글 내용 4', '2025-08-01 17:16:51', NULL, 0, '2GyuqH5D6TZCF11d07suGM', '/img/profileImg.png');
INSERT INTO board_post(id, community_id, user_id, title, content, created_at, type, views, track_id, thumbnail_url) VALUES(5, 3, 38, '게시글5', '게시글 내용 5', '2025-08-10 17:16:51', NULL, 0, '7woEDtme8YkFiWeyiinIjy', '/img/profileImg.png');
INSERT INTO board_post(id, community_id, user_id, title, content, created_at, type, views, track_id, thumbnail_url) VALUES(6, 2, 26, '게시글6', '게시글 내용 6', '2025-08-05 17:16:51', NULL, 0, '7D5ElMtI2mcfvAKo5lstZ4', '/img/profileImg.png');
INSERT INTO board_post(id, community_id, user_id, title, content, created_at, type, views, track_id, thumbnail_url) VALUES(7, 17, 17, '게시글7', '게시글 내용 7', '2025-08-16 17:16:51', NULL, 0, '23iLEDPEJpcfYOw1tVhd2o', '/img/profileImg.png');
INSERT INTO board_post(id, community_id, user_id, title, content, created_at, type, views, track_id, thumbnail_url) VALUES(8, 15, 28, '게시글8', '게시글 내용 8', '2025-08-04 17:16:51', NULL, 0, '6jfCSH3je1KU6IYlBc2vVH', '/img/profileImg.png');
INSERT INTO board_post(id, community_id, user_id, title, content, created_at, type, views, track_id, thumbnail_url) VALUES(9, 13, 44, '게시글9', '게시글 내용 9', '2025-08-06 17:16:51', NULL, 0, '6tB01QHgH9YuVA8TomAzni', '/img/profileImg.png');
INSERT INTO board_post(id, community_id, user_id, title, content, created_at, type, views, track_id, thumbnail_url) VALUES(10, 3, 40, '게시글10', '게시글 내용 10', '2025-08-18 17:16:51', NULL, 0, '2C39jkUPAsQzwBSshsaCfX', '/img/profileImg.png');
INSERT INTO board_post(id, community_id, user_id, title, content, created_at, type, views, track_id, thumbnail_url) VALUES(11, 20, 26, '게시글11', '게시글 내용 11', '2025-07-26 17:16:51', NULL, 0, '1wUnuiXMMvhudmzvcCtlZP', '/img/profileImg.png');
INSERT INTO board_post(id, community_id, user_id, title, content, created_at, type, views, track_id, thumbnail_url) VALUES(12, 14, 33, '게시글12', '게시글 내용 12', '2025-08-04 17:16:51', NULL, 0, '3t8pnImpBpOwxdtYBpKvA9', '/img/profileImg.png');
INSERT INTO board_post(id, community_id, user_id, title, content, created_at, type, views, track_id, thumbnail_url) VALUES(13, 12, 44, '게시글13', '게시글 내용 13', '2025-08-09 17:16:51', NULL, 0, '0yUjUg9LUFWyxmQtcUndw4', '/img/profileImg.png');
INSERT INTO board_post(id, community_id, user_id, title, content, created_at, type, views, track_id, thumbnail_url) VALUES(14, 20, 50, '게시글14', '게시글 내용 14', '2025-07-21 17:16:51', NULL, 0, '1nH2PkJL1XoUq8oE6tBZoU', '/img/profileImg.png');
INSERT INTO board_post(id, community_id, user_id, title, content, created_at, type, views, track_id, thumbnail_url) VALUES(15, 9, 17, '게시글15', '게시글 내용 15', '2025-07-20 17:16:51', NULL, 0, '6j6F1Y7axFvgjuiRsEQCWO', '/img/profileImg.png');
INSERT INTO board_post(id, community_id, user_id, title, content, created_at, type, views, track_id, thumbnail_url) VALUES(16, 18, 18, '게시글16', '게시글 내용 16', '2025-07-20 17:16:51', NULL, 0, '7bmnHlBzC81MeN7NObBnJw', '/img/profileImg.png');
INSERT INTO board_post(id, community_id, user_id, title, content, created_at, type, views, track_id, thumbnail_url) VALUES(17, 20, 18, '게시글17', '게시글 내용 17', '2025-07-31 17:16:51', NULL, 0, '6b8Be6ljOzmkOmFslEb23P', '/img/profileImg.png');
INSERT INTO board_post(id, community_id, user_id, title, content, created_at, type, views, track_id, thumbnail_url) VALUES(18, 10, 12, '게시글18', '게시글 내용 18', '2025-07-19 17:16:51', NULL, 0, '6fSvz9yrQY407xmr7cdjuA', '/img/profileImg.png');
INSERT INTO board_post(id, community_id, user_id, title, content, created_at, type, views, track_id, thumbnail_url) VALUES(19, 7, 2, '게시글19', '게시글 내용 19', '2025-07-29 17:16:51', NULL, 0, '44uutxt81rrT9V9vsK32FN', '/img/profileImg.png');
INSERT INTO board_post(id, community_id, user_id, title, content, created_at, type, views, track_id, thumbnail_url) VALUES(20, 5, 24, '게시글20', '게시글 내용 20', '2025-07-31 17:16:51', NULL, 0, '1gZADNt16Oh23jWyMYRk4p', '/img/profileImg.png');
INSERT INTO board_post(id, community_id, user_id, title, content, created_at, type, views, track_id, thumbnail_url) VALUES(21, 19, 18, '게시글21', '게시글 내용 21', '2025-07-22 17:16:51', NULL, 0, '5homruRi0m4GuyJBod3kcn', '/img/profileImg.png');
INSERT INTO board_post(id, community_id, user_id, title, content, created_at, type, views, track_id, thumbnail_url) VALUES(22, 3, 29, '게시글22', '게시글 내용 22', '2025-08-10 17:16:51', NULL, 0, '3eh51r6rFWAlGQRlHx9QnQ', '/img/profileImg.png');
INSERT INTO board_post(id, community_id, user_id, title, content, created_at, type, views, track_id, thumbnail_url) VALUES(23, 11, 40, '게시글23', '게시글 내용 23', '2025-07-31 17:16:51', NULL, 0, '5dkjKoFSjCeGmR1P7wGlxF', '/img/profileImg.png');
INSERT INTO board_post(id, community_id, user_id, title, content, created_at, type, views, track_id, thumbnail_url) VALUES(24, 12, 20, '게시글24', '게시글 내용 24', '2025-08-15 17:16:51', NULL, 0, '62puT51UXXLEO7I60DMDwC', '/img/profileImg.png');
INSERT INTO board_post(id, community_id, user_id, title, content, created_at, type, views, track_id, thumbnail_url) VALUES(25, 9, 44, '게시글25', '게시글 내용 25', '2025-07-25 17:16:51', NULL, 0, '0DLL0X9fQKdI4VMUepA092', '/img/profileImg.png');
INSERT INTO board_post(id, community_id, user_id, title, content, created_at, type, views, track_id, thumbnail_url) VALUES(26, 8, 35, '게시글26', '게시글 내용 26', '2025-08-09 17:16:51', NULL, 0, '2fkeWbM6iqTw7oGHTYm2lw', '/img/profileImg.png');
INSERT INTO board_post(id, community_id, user_id, title, content, created_at, type, views, track_id, thumbnail_url) VALUES(27, 1, 46, '게시글27', '게시글 내용 27', '2025-07-26 17:16:51', NULL, 0, '6VpW9I9gaAHC0k20934fEb', '/img/profileImg.png');
INSERT INTO board_post(id, community_id, user_id, title, content, created_at, type, views, track_id, thumbnail_url) VALUES(28, 14, 45, '게시글28', '게시글 내용 28', '2025-07-24 17:16:51', NULL, 0, '37vULhf6YM1HbrqcZmbxOV', '/img/profileImg.png');
INSERT INTO board_post(id, community_id, user_id, title, content, created_at, type, views, track_id, thumbnail_url) VALUES(29, 7, 26, '게시글29', '게시글 내용 29', '2025-07-24 17:16:51', NULL, 0, '2ACys0pX0SjmpQmQWzp7wt', '/img/profileImg.png');
INSERT INTO board_post(id, community_id, user_id, title, content, created_at, type, views, track_id, thumbnail_url) VALUES(30, 19, 28, '게시글30', '게시글 내용 30', '2025-08-13 17:16:51', NULL, 0, '0Ul7obXHe7Ri1xRuQUZNwX', '/img/profileImg.png');
INSERT INTO board_post(id, community_id, user_id, title, content, created_at, type, views, track_id, thumbnail_url) VALUES(31, 11, 15, '게시글31', '게시글 내용 31', '2025-07-29 17:16:51', NULL, 0, '6xIsHPRHdbzU6UMVFn4wh8', '/img/profileImg.png');
INSERT INTO board_post(id, community_id, user_id, title, content, created_at, type, views, track_id, thumbnail_url) VALUES(32, 5, 3, '게시글32', '게시글 내용 32', '2025-07-22 17:16:51', NULL, 0, '6s64FyS9n0XYbGMLH3LOWU', '/img/profileImg.png');
INSERT INTO board_post(id, community_id, user_id, title, content, created_at, type, views, track_id, thumbnail_url) VALUES(33, 1, 28, '게시글33', '게시글 내용 33', '2025-08-09 17:16:51', NULL, 0, '3pkIaou3w14ytyKYZbg0hc', '/img/profileImg.png');
INSERT INTO board_post(id, community_id, user_id, title, content, created_at, type, views, track_id, thumbnail_url) VALUES(34, 5, 50, '게시글34', '게시글 내용 34', '2025-07-31 17:16:51', NULL, 0, '1us5wNgZc0YLT8RQQs2Q7L', '/img/profileImg.png');
INSERT INTO board_post(id, community_id, user_id, title, content, created_at, type, views, track_id, thumbnail_url) VALUES(35, 10, 44, '게시글35', '게시글 내용 35', '2025-08-14 17:16:51', NULL, 0, '4VAsrWzd1MZbRdKzf35K4U', '/img/profileImg.png');
INSERT INTO board_post(id, community_id, user_id, title, content, created_at, type, views, track_id, thumbnail_url) VALUES(36, 19, 8, '게시글36', '게시글 내용 36', '2025-08-15 17:16:51', NULL, 0, '0kHlKWunEQ5zoQmKHNJT6P', '/img/profileImg.png');
INSERT INTO board_post(id, community_id, user_id, title, content, created_at, type, views, track_id, thumbnail_url) VALUES(37, 1, 31, '게시글37', '게시글 내용 37', '2025-08-12 17:16:51', NULL, 0, '6tCd8bPvYnceDG7W9M1RMk', '/img/profileImg.png');
INSERT INTO board_post(id, community_id, user_id, title, content, created_at, type, views, track_id, thumbnail_url) VALUES(38, 2, 41, '게시글38', '게시글 내용 38', '2025-08-17 17:16:51', NULL, 0, '3r3IAoLN0q8XrYhl4YUZIO', '/img/profileImg.png');
INSERT INTO board_post(id, community_id, user_id, title, content, created_at, type, views, track_id, thumbnail_url) VALUES(39, 8, 37, '게시글39', '게시글 내용 39', '2025-08-07 17:16:51', NULL, 0, '0kN8xEmgMW9mh7UmDYHlJP', '/img/profileImg.png');
INSERT INTO board_post(id, community_id, user_id, title, content, created_at, type, views, track_id, thumbnail_url) VALUES(40, 1, 22, '게시글40', '게시글 내용 40', '2025-08-09 17:16:51', NULL, 0, '3YZmW6AUHsbN7KhOTd944i', '/img/profileImg.png');
INSERT INTO com_manager(id, user_id, com_id, created_at) VALUES(1, 20, 18, '2025-08-13 17:16:51');
INSERT INTO com_manager(id, user_id, com_id, created_at) VALUES(2, 46, 2, '2025-07-22 17:16:51');
INSERT INTO com_manager(id, user_id, com_id, created_at) VALUES(3, 34, 2, '2025-08-17 17:16:51');
INSERT INTO com_manager(id, user_id, com_id, created_at) VALUES(4, 20, 7, '2025-08-06 17:16:51');
INSERT INTO com_manager(id, user_id, com_id, created_at) VALUES(5, 32, 15, '2025-07-28 17:16:51');
INSERT INTO com_manager(id, user_id, com_id, created_at) VALUES(6, 18, 4, '2025-08-01 17:16:51');
INSERT INTO com_manager(id, user_id, com_id, created_at) VALUES(7, 45, 20, '2025-08-09 17:16:51');
INSERT INTO com_manager(id, user_id, com_id, created_at) VALUES(8, 18, 6, '2025-08-12 17:16:51');
INSERT INTO com_manager(id, user_id, com_id, created_at) VALUES(9, 14, 5, '2025-08-17 17:16:51');
INSERT INTO com_manager(id, user_id, com_id, created_at) VALUES(10, 34, 6, '2025-07-22 17:16:51');
INSERT INTO com_manager(id, user_id, com_id, created_at) VALUES(11, 21, 8, '2025-07-26 17:16:51');
INSERT INTO com_manager(id, user_id, com_id, created_at) VALUES(12, 9, 6, '2025-08-17 17:16:51');
INSERT INTO com_manager(id, user_id, com_id, created_at) VALUES(13, 30, 13, '2025-07-25 17:16:51');
INSERT INTO com_manager(id, user_id, com_id, created_at) VALUES(14, 49, 2, '2025-07-22 17:16:51');
INSERT INTO com_manager(id, user_id, com_id, created_at) VALUES(15, 27, 9, '2025-08-10 17:16:51');
INSERT INTO com_manager(id, user_id, com_id, created_at) VALUES(16, 31, 2, '2025-08-12 17:16:51');
INSERT INTO com_manager(id, user_id, com_id, created_at) VALUES(17, 41, 4, '2025-07-24 17:16:51');
INSERT INTO com_manager(id, user_id, com_id, created_at) VALUES(18, 6, 4, '2025-07-23 17:16:51');
INSERT INTO com_manager(id, user_id, com_id, created_at) VALUES(19, 16, 19, '2025-08-11 17:16:51');
INSERT INTO com_manager(id, user_id, com_id, created_at) VALUES(20, 47, 17, '2025-08-05 17:16:51');
INSERT INTO com_manager(id, user_id, com_id, created_at) VALUES(21, 50, 18, '2025-07-20 17:16:51');
INSERT INTO com_manager(id, user_id, com_id, created_at) VALUES(22, 35, 20, '2025-07-30 17:16:51');
INSERT INTO com_manager(id, user_id, com_id, created_at) VALUES(23, 26, 2, '2025-08-08 17:16:51');
INSERT INTO com_manager(id, user_id, com_id, created_at) VALUES(24, 6, 9, '2025-08-10 17:16:51');
INSERT INTO com_manager(id, user_id, com_id, created_at) VALUES(25, 43, 8, '2025-08-04 17:16:51');
INSERT INTO com_manager(id, user_id, com_id, created_at) VALUES(26, 2, 1, '2025-08-16 17:16:51');
INSERT INTO com_manager(id, user_id, com_id, created_at) VALUES(27, 29, 5, '2025-08-03 17:16:51');
INSERT INTO com_manager(id, user_id, com_id, created_at) VALUES(28, 25, 16, '2025-08-12 17:16:51');
INSERT INTO com_manager(id, user_id, com_id, created_at) VALUES(29, 24, 12, '2025-07-30 17:16:51');
INSERT INTO com_manager(id, user_id, com_id, created_at) VALUES(30, 23, 9, '2025-07-30 17:16:51');
INSERT INTO com_vote(id, post_id, title, created_at, closed_at, is_completed) VALUES(1, 2, '투표 제목 1', '2025-08-04 17:16:51', '2025-08-05 17:16:51', 0);
INSERT INTO com_vote(id, post_id, title, created_at, closed_at, is_completed) VALUES(2, 33, '투표 제목 2', '2025-07-25 17:16:51', '2025-07-29 17:16:51', 1);
INSERT INTO com_vote(id, post_id, title, created_at, closed_at, is_completed) VALUES(3, 30, '투표 제목 3', '2025-08-17 17:16:51', '2025-08-22 17:16:51', 0);
INSERT INTO com_vote(id, post_id, title, created_at, closed_at, is_completed) VALUES(4, 16, '투표 제목 4', '2025-07-31 17:16:51', '2025-08-04 17:16:51', 0);
INSERT INTO com_vote(id, post_id, title, created_at, closed_at, is_completed) VALUES(5, 11, '투표 제목 5', '2025-07-24 17:16:51', '2025-07-29 17:16:51', 1);
INSERT INTO com_vote(id, post_id, title, created_at, closed_at, is_completed) VALUES(6, 25, '투표 제목 6', '2025-08-12 17:16:51', '2025-08-14 17:16:51', 0);
INSERT INTO com_vote(id, post_id, title, created_at, closed_at, is_completed) VALUES(7, 35, '투표 제목 7', '2025-07-26 17:16:51', '2025-07-27 17:16:51', 1);
INSERT INTO com_vote(id, post_id, title, created_at, closed_at, is_completed) VALUES(8, 37, '투표 제목 8', '2025-08-16 17:16:51', '2025-08-19 17:16:51', 1);
INSERT INTO com_vote(id, post_id, title, created_at, closed_at, is_completed) VALUES(9, 38, '투표 제목 9', '2025-08-17 17:16:51', '2025-08-21 17:16:51', 0);
INSERT INTO com_vote(id, post_id, title, created_at, closed_at, is_completed) VALUES(10, 14, '투표 제목 10', '2025-07-29 17:16:51', '2025-07-30 17:16:51', 1);
INSERT INTO com_vote(id, post_id, title, created_at, closed_at, is_completed) VALUES(11, 32, '투표 제목 11', '2025-08-02 17:16:51', '2025-08-08 17:16:51', 1);
INSERT INTO com_vote(id, post_id, title, created_at, closed_at, is_completed) VALUES(12, 4, '투표 제목 12', '2025-07-31 17:16:51', '2025-08-01 17:16:51', 0);
INSERT INTO com_vote(id, post_id, title, created_at, closed_at, is_completed) VALUES(13, 24, '투표 제목 13', '2025-08-15 17:16:51', '2025-08-21 17:16:51', 1);
INSERT INTO com_vote(id, post_id, title, created_at, closed_at, is_completed) VALUES(14, 4, '투표 제목 14', '2025-08-06 17:16:51', '2025-08-13 17:16:51', 0);
INSERT INTO com_vote(id, post_id, title, created_at, closed_at, is_completed) VALUES(15, 23, '투표 제목 15', '2025-07-23 17:16:51', '2025-07-30 17:16:51', 1);
INSERT INTO com_vote(id, post_id, title, created_at, closed_at, is_completed) VALUES(16, 34, '투표 제목 16', '2025-07-21 17:16:51', '2025-07-23 17:16:51', 0);
INSERT INTO com_vote(id, post_id, title, created_at, closed_at, is_completed) VALUES(17, 25, '투표 제목 17', '2025-08-06 17:16:51', '2025-08-08 17:16:51', 0);
INSERT INTO com_vote(id, post_id, title, created_at, closed_at, is_completed) VALUES(18, 31, '투표 제목 18', '2025-07-27 17:16:51', '2025-07-31 17:16:51', 0);
INSERT INTO com_vote(id, post_id, title, created_at, closed_at, is_completed) VALUES(19, 37, '투표 제목 19', '2025-08-12 17:16:51', '2025-08-14 17:16:51', 1);
INSERT INTO com_vote(id, post_id, title, created_at, closed_at, is_completed) VALUES(20, 32, '투표 제목 20', '2025-07-30 17:16:51', '2025-08-03 17:16:51', 1);
INSERT INTO com_vote(id, post_id, title, created_at, closed_at, is_completed) VALUES(21, 33, '투표 제목 21', '2025-07-21 17:16:51', '2025-07-26 17:16:51', 0);
INSERT INTO com_vote(id, post_id, title, created_at, closed_at, is_completed) VALUES(22, 25, '투표 제목 22', '2025-08-06 17:16:51', '2025-08-07 17:16:51', 0);
INSERT INTO com_vote(id, post_id, title, created_at, closed_at, is_completed) VALUES(23, 5, '투표 제목 23', '2025-08-02 17:16:51', '2025-08-09 17:16:51', 0);
INSERT INTO com_vote(id, post_id, title, created_at, closed_at, is_completed) VALUES(24, 19, '투표 제목 24', '2025-07-20 17:16:51', '2025-07-26 17:16:51', 1);
INSERT INTO com_vote(id, post_id, title, created_at, closed_at, is_completed) VALUES(25, 35, '투표 제목 25', '2025-07-30 17:16:51', '2025-07-31 17:16:51', 0);
INSERT INTO com_vote(id, post_id, title, created_at, closed_at, is_completed) VALUES(26, 29, '투표 제목 26', '2025-08-17 17:16:51', '2025-08-22 17:16:51', 0);
INSERT INTO com_vote(id, post_id, title, created_at, closed_at, is_completed) VALUES(27, 13, '투표 제목 27', '2025-08-02 17:16:51', '2025-08-06 17:16:51', 0);
INSERT INTO com_vote(id, post_id, title, created_at, closed_at, is_completed) VALUES(28, 28, '투표 제목 28', '2025-07-19 17:16:51', '2025-07-26 17:16:51', 1);
INSERT INTO com_vote(id, post_id, title, created_at, closed_at, is_completed) VALUES(29, 27, '투표 제목 29', '2025-08-05 17:16:51', '2025-08-12 17:16:51', 0);
INSERT INTO com_vote(id, post_id, title, created_at, closed_at, is_completed) VALUES(30, 11, '투표 제목 30', '2025-07-30 17:16:51', '2025-08-02 17:16:51', 0);
INSERT INTO com_vote(id, post_id, title, created_at, closed_at, is_completed) VALUES(31, 40, '투표 제목 31', '2025-08-07 17:16:51', '2025-08-14 17:16:51', 0);
INSERT INTO com_vote(id, post_id, title, created_at, closed_at, is_completed) VALUES(32, 5, '투표 제목 32', '2025-08-17 17:16:51', '2025-08-21 17:16:51', 1);
INSERT INTO com_vote(id, post_id, title, created_at, closed_at, is_completed) VALUES(33, 13, '투표 제목 33', '2025-08-09 17:16:51', '2025-08-12 17:16:51', 1);
INSERT INTO com_vote(id, post_id, title, created_at, closed_at, is_completed) VALUES(34, 8, '투표 제목 34', '2025-07-23 17:16:51', '2025-07-24 17:16:51', 0);
INSERT INTO com_vote(id, post_id, title, created_at, closed_at, is_completed) VALUES(35, 30, '투표 제목 35', '2025-08-13 17:16:51', '2025-08-20 17:16:51', 1);
INSERT INTO com_vote(id, post_id, title, created_at, closed_at, is_completed) VALUES(36, 17, '투표 제목 36', '2025-08-09 17:16:51', '2025-08-15 17:16:51', 1);
INSERT INTO com_vote(id, post_id, title, created_at, closed_at, is_completed) VALUES(37, 12, '투표 제목 37', '2025-08-06 17:16:51', '2025-08-10 17:16:51', 1);
INSERT INTO com_vote(id, post_id, title, created_at, closed_at, is_completed) VALUES(38, 38, '투표 제목 38', '2025-08-15 17:16:51', '2025-08-21 17:16:51', 1);
INSERT INTO com_vote(id, post_id, title, created_at, closed_at, is_completed) VALUES(39, 31, '투표 제목 39', '2025-08-07 17:16:51', '2025-08-12 17:16:51', 1);
INSERT INTO com_vote(id, post_id, title, created_at, closed_at, is_completed) VALUES(40, 35, '투표 제목 40', '2025-08-16 17:16:51', '2025-08-22 17:16:51', 1);
INSERT INTO com_vote_argument(id, vote_id, content) VALUES(1, 33, '투표 옵션 1');
INSERT INTO com_vote_argument(id, vote_id, content) VALUES(2, 29, '투표 옵션 2');
INSERT INTO com_vote_argument(id, vote_id, content) VALUES(3, 4, '투표 옵션 3');
INSERT INTO com_vote_argument(id, vote_id, content) VALUES(4, 31, '투표 옵션 4');
INSERT INTO com_vote_argument(id, vote_id, content) VALUES(5, 5, '투표 옵션 5');
INSERT INTO com_vote_argument(id, vote_id, content) VALUES(6, 13, '투표 옵션 6');
INSERT INTO com_vote_argument(id, vote_id, content) VALUES(7, 18, '투표 옵션 7');
INSERT INTO com_vote_argument(id, vote_id, content) VALUES(8, 36, '투표 옵션 8');
INSERT INTO com_vote_argument(id, vote_id, content) VALUES(9, 10, '투표 옵션 9');
INSERT INTO com_vote_argument(id, vote_id, content) VALUES(10, 28, '투표 옵션 10');
INSERT INTO com_vote_argument(id, vote_id, content) VALUES(11, 9, '투표 옵션 11');
INSERT INTO com_vote_argument(id, vote_id, content) VALUES(12, 29, '투표 옵션 12');
INSERT INTO com_vote_argument(id, vote_id, content) VALUES(13, 12, '투표 옵션 13');
INSERT INTO com_vote_argument(id, vote_id, content) VALUES(14, 33, '투표 옵션 14');
INSERT INTO com_vote_argument(id, vote_id, content) VALUES(15, 17, '투표 옵션 15');
INSERT INTO com_vote_argument(id, vote_id, content) VALUES(16, 6, '투표 옵션 16');
INSERT INTO com_vote_argument(id, vote_id, content) VALUES(17, 19, '투표 옵션 17');
INSERT INTO com_vote_argument(id, vote_id, content) VALUES(18, 14, '투표 옵션 18');
INSERT INTO com_vote_argument(id, vote_id, content) VALUES(19, 16, '투표 옵션 19');
INSERT INTO com_vote_argument(id, vote_id, content) VALUES(20, 18, '투표 옵션 20');
INSERT INTO com_vote_argument(id, vote_id, content) VALUES(21, 20, '투표 옵션 21');
INSERT INTO com_vote_argument(id, vote_id, content) VALUES(22, 15, '투표 옵션 22');
INSERT INTO com_vote_argument(id, vote_id, content) VALUES(23, 32, '투표 옵션 23');
INSERT INTO com_vote_argument(id, vote_id, content) VALUES(24, 6, '투표 옵션 24');
INSERT INTO com_vote_argument(id, vote_id, content) VALUES(25, 30, '투표 옵션 25');
INSERT INTO com_vote_argument(id, vote_id, content) VALUES(26, 4, '투표 옵션 26');
INSERT INTO com_vote_argument(id, vote_id, content) VALUES(27, 34, '투표 옵션 27');
INSERT INTO com_vote_argument(id, vote_id, content) VALUES(28, 40, '투표 옵션 28');
INSERT INTO com_vote_argument(id, vote_id, content) VALUES(29, 13, '투표 옵션 29');
INSERT INTO com_vote_argument(id, vote_id, content) VALUES(30, 20, '투표 옵션 30');
INSERT INTO com_vote_argument(id, vote_id, content) VALUES(31, 1, '투표 옵션 31');
INSERT INTO com_vote_argument(id, vote_id, content) VALUES(32, 15, '투표 옵션 32');
INSERT INTO com_vote_argument(id, vote_id, content) VALUES(33, 26, '투표 옵션 33');
INSERT INTO com_vote_argument(id, vote_id, content) VALUES(34, 27, '투표 옵션 34');
INSERT INTO com_vote_argument(id, vote_id, content) VALUES(35, 2, '투표 옵션 35');
INSERT INTO com_vote_argument(id, vote_id, content) VALUES(36, 3, '투표 옵션 36');
INSERT INTO com_vote_argument(id, vote_id, content) VALUES(37, 13, '투표 옵션 37');
INSERT INTO com_vote_argument(id, vote_id, content) VALUES(38, 12, '투표 옵션 38');
INSERT INTO com_vote_argument(id, vote_id, content) VALUES(39, 21, '투표 옵션 39');
INSERT INTO com_vote_argument(id, vote_id, content) VALUES(40, 5, '투표 옵션 40');
INSERT INTO com_vote_argument(id, vote_id, content) VALUES(41, 25, '투표 옵션 41');
INSERT INTO com_vote_argument(id, vote_id, content) VALUES(42, 4, '투표 옵션 42');
INSERT INTO com_vote_argument(id, vote_id, content) VALUES(43, 36, '투표 옵션 43');
INSERT INTO com_vote_argument(id, vote_id, content) VALUES(44, 10, '투표 옵션 44');
INSERT INTO com_vote_argument(id, vote_id, content) VALUES(45, 19, '투표 옵션 45');
INSERT INTO com_vote_argument(id, vote_id, content) VALUES(46, 36, '투표 옵션 46');
INSERT INTO com_vote_argument(id, vote_id, content) VALUES(47, 28, '투표 옵션 47');
INSERT INTO com_vote_argument(id, vote_id, content) VALUES(48, 29, '투표 옵션 48');
INSERT INTO com_vote_argument(id, vote_id, content) VALUES(49, 3, '투표 옵션 49');
INSERT INTO com_vote_argument(id, vote_id, content) VALUES(50, 36, '투표 옵션 50');
INSERT INTO com_vote_argument(id, vote_id, content) VALUES(51, 34, '투표 옵션 51');
INSERT INTO com_vote_argument(id, vote_id, content) VALUES(52, 27, '투표 옵션 52');
INSERT INTO com_vote_argument(id, vote_id, content) VALUES(53, 15, '투표 옵션 53');
INSERT INTO com_vote_argument(id, vote_id, content) VALUES(54, 19, '투표 옵션 54');
INSERT INTO com_vote_argument(id, vote_id, content) VALUES(55, 21, '투표 옵션 55');
INSERT INTO com_vote_argument(id, vote_id, content) VALUES(56, 21, '투표 옵션 56');
INSERT INTO com_vote_argument(id, vote_id, content) VALUES(57, 28, '투표 옵션 57');
INSERT INTO com_vote_argument(id, vote_id, content) VALUES(58, 30, '투표 옵션 58');
INSERT INTO com_vote_argument(id, vote_id, content) VALUES(59, 25, '투표 옵션 59');
INSERT INTO com_vote_argument(id, vote_id, content) VALUES(60, 8, '투표 옵션 60');
INSERT INTO com_vote_argument(id, vote_id, content) VALUES(61, 5, '투표 옵션 61');
INSERT INTO com_vote_argument(id, vote_id, content) VALUES(62, 13, '투표 옵션 62');
INSERT INTO com_vote_argument(id, vote_id, content) VALUES(63, 13, '투표 옵션 63');
INSERT INTO com_vote_argument(id, vote_id, content) VALUES(64, 8, '투표 옵션 64');
INSERT INTO com_vote_argument(id, vote_id, content) VALUES(65, 1, '투표 옵션 65');
INSERT INTO com_vote_argument(id, vote_id, content) VALUES(66, 15, '투표 옵션 66');
INSERT INTO com_vote_argument(id, vote_id, content) VALUES(67, 37, '투표 옵션 67');
INSERT INTO com_vote_argument(id, vote_id, content) VALUES(68, 32, '투표 옵션 68');
INSERT INTO com_vote_argument(id, vote_id, content) VALUES(69, 32, '투표 옵션 69');
INSERT INTO com_vote_argument(id, vote_id, content) VALUES(70, 7, '투표 옵션 70');
INSERT INTO com_vote_argument(id, vote_id, content) VALUES(71, 7, '투표 옵션 71');
INSERT INTO com_vote_argument(id, vote_id, content) VALUES(72, 32, '투표 옵션 72');
INSERT INTO com_vote_argument(id, vote_id, content) VALUES(73, 24, '투표 옵션 73');
INSERT INTO com_vote_argument(id, vote_id, content) VALUES(74, 6, '투표 옵션 74');
INSERT INTO com_vote_argument(id, vote_id, content) VALUES(75, 40, '투표 옵션 75');
INSERT INTO com_vote_argument(id, vote_id, content) VALUES(76, 40, '투표 옵션 76');
INSERT INTO com_vote_argument(id, vote_id, content) VALUES(77, 9, '투표 옵션 77');
INSERT INTO com_vote_argument(id, vote_id, content) VALUES(78, 22, '투표 옵션 78');
INSERT INTO com_vote_argument(id, vote_id, content) VALUES(79, 13, '투표 옵션 79');
INSERT INTO com_vote_argument(id, vote_id, content) VALUES(80, 10, '투표 옵션 80');
INSERT INTO com_vote_argument(id, vote_id, content) VALUES(81, 7, '투표 옵션 81');
INSERT INTO com_vote_argument(id, vote_id, content) VALUES(82, 21, '투표 옵션 82');
INSERT INTO com_vote_argument(id, vote_id, content) VALUES(83, 22, '투표 옵션 83');
INSERT INTO com_vote_argument(id, vote_id, content) VALUES(84, 39, '투표 옵션 84');
INSERT INTO com_vote_argument(id, vote_id, content) VALUES(85, 17, '투표 옵션 85');
INSERT INTO com_vote_argument(id, vote_id, content) VALUES(86, 9, '투표 옵션 86');
INSERT INTO com_vote_argument(id, vote_id, content) VALUES(87, 16, '투표 옵션 87');
INSERT INTO com_vote_argument(id, vote_id, content) VALUES(88, 35, '투표 옵션 88');
INSERT INTO com_vote_argument(id, vote_id, content) VALUES(89, 21, '투표 옵션 89');
INSERT INTO com_vote_argument(id, vote_id, content) VALUES(90, 5, '투표 옵션 90');
INSERT INTO com_vote_argument(id, vote_id, content) VALUES(91, 6, '투표 옵션 91');
INSERT INTO com_vote_argument(id, vote_id, content) VALUES(92, 5, '투표 옵션 92');
INSERT INTO com_vote_argument(id, vote_id, content) VALUES(93, 13, '투표 옵션 93');
INSERT INTO com_vote_argument(id, vote_id, content) VALUES(94, 20, '투표 옵션 94');
INSERT INTO com_vote_argument(id, vote_id, content) VALUES(95, 35, '투표 옵션 95');
INSERT INTO com_vote_argument(id, vote_id, content) VALUES(96, 6, '투표 옵션 96');
INSERT INTO com_vote_argument(id, vote_id, content) VALUES(97, 30, '투표 옵션 97');
INSERT INTO com_vote_argument(id, vote_id, content) VALUES(98, 7, '투표 옵션 98');
INSERT INTO com_vote_argument(id, vote_id, content) VALUES(99, 12, '투표 옵션 99');
INSERT INTO com_vote_argument(id, vote_id, content) VALUES(100, 36, '투표 옵션 100');
INSERT INTO com_vote_argument(id, vote_id, content) VALUES(101, 17, '투표 옵션 101');
INSERT INTO com_vote_argument(id, vote_id, content) VALUES(102, 33, '투표 옵션 102');
INSERT INTO com_vote_argument(id, vote_id, content) VALUES(103, 11, '투표 옵션 103');
INSERT INTO com_vote_argument(id, vote_id, content) VALUES(104, 5, '투표 옵션 104');
INSERT INTO com_vote_argument(id, vote_id, content) VALUES(105, 11, '투표 옵션 105');
INSERT INTO com_vote_argument(id, vote_id, content) VALUES(106, 18, '투표 옵션 106');
INSERT INTO com_vote_argument(id, vote_id, content) VALUES(107, 17, '투표 옵션 107');
INSERT INTO com_vote_argument(id, vote_id, content) VALUES(108, 32, '투표 옵션 108');
INSERT INTO com_vote_argument(id, vote_id, content) VALUES(109, 2, '투표 옵션 109');
INSERT INTO com_vote_argument(id, vote_id, content) VALUES(110, 8, '투표 옵션 110');
INSERT INTO com_vote_argument(id, vote_id, content) VALUES(111, 16, '투표 옵션 111');
INSERT INTO com_vote_argument(id, vote_id, content) VALUES(112, 22, '투표 옵션 112');
INSERT INTO com_vote_argument(id, vote_id, content) VALUES(113, 30, '투표 옵션 113');
INSERT INTO com_vote_argument(id, vote_id, content) VALUES(114, 40, '투표 옵션 114');
INSERT INTO com_vote_argument(id, vote_id, content) VALUES(115, 15, '투표 옵션 115');
INSERT INTO com_vote_argument(id, vote_id, content) VALUES(116, 16, '투표 옵션 116');
INSERT INTO com_vote_argument(id, vote_id, content) VALUES(117, 3, '투표 옵션 117');
INSERT INTO com_vote_argument(id, vote_id, content) VALUES(118, 23, '투표 옵션 118');
INSERT INTO com_vote_argument(id, vote_id, content) VALUES(119, 20, '투표 옵션 119');
INSERT INTO com_vote_argument(id, vote_id, content) VALUES(120, 39, '투표 옵션 120');
INSERT INTO vote_result(id, vote_id, arg_id, count, created_at) VALUES(1, 3, 23, 18, '2025-07-29 17:16:51');
INSERT INTO vote_result(id, vote_id, arg_id, count, created_at) VALUES(2, 40, 48, 1, '2025-07-22 17:16:51');
INSERT INTO vote_result(id, vote_id, arg_id, count, created_at) VALUES(3, 1, 73, 9, '2025-07-30 17:16:51');
INSERT INTO vote_result(id, vote_id, arg_id, count, created_at) VALUES(4, 10, 115, 17, '2025-08-09 17:16:51');
INSERT INTO vote_result(id, vote_id, arg_id, count, created_at) VALUES(5, 19, 98, 9, '2025-08-10 17:16:51');
INSERT INTO vote_result(id, vote_id, arg_id, count, created_at) VALUES(6, 27, 18, 18, '2025-08-01 17:16:51');
INSERT INTO vote_result(id, vote_id, arg_id, count, created_at) VALUES(7, 34, 31, 6, '2025-07-20 17:16:51');
INSERT INTO vote_result(id, vote_id, arg_id, count, created_at) VALUES(8, 40, 44, 15, '2025-08-14 17:16:51');
INSERT INTO vote_result(id, vote_id, arg_id, count, created_at) VALUES(9, 26, 76, 20, '2025-08-11 17:16:51');
INSERT INTO vote_result(id, vote_id, arg_id, count, created_at) VALUES(10, 34, 118, 16, '2025-08-16 17:16:51');
INSERT INTO vote_result(id, vote_id, arg_id, count, created_at) VALUES(11, 18, 86, 5, '2025-08-07 17:16:51');
INSERT INTO vote_result(id, vote_id, arg_id, count, created_at) VALUES(12, 4, 120, 16, '2025-07-29 17:16:51');
INSERT INTO vote_result(id, vote_id, arg_id, count, created_at) VALUES(13, 19, 98, 9, '2025-08-10 17:16:51');
INSERT INTO vote_result(id, vote_id, arg_id, count, created_at) VALUES(14, 16, 91, 3, '2025-08-14 17:16:51');
INSERT INTO vote_result(id, vote_id, arg_id, count, created_at) VALUES(15, 12, 79, 0, '2025-08-14 17:16:51');
INSERT INTO vote_result(id, vote_id, arg_id, count, created_at) VALUES(16, 18, 67, 3, '2025-07-29 17:16:51');
INSERT INTO vote_result(id, vote_id, arg_id, count, created_at) VALUES(17, 28, 23, 3, '2025-07-26 17:16:51');
INSERT INTO vote_result(id, vote_id, arg_id, count, created_at) VALUES(18, 23, 104, 11, '2025-08-13 17:16:51');
INSERT INTO vote_result(id, vote_id, arg_id, count, created_at) VALUES(19, 29, 1, 11, '2025-08-01 17:16:51');
INSERT INTO vote_result(id, vote_id, arg_id, count, created_at) VALUES(20, 2, 80, 4, '2025-08-13 17:16:51');
INSERT INTO vote_result(id, vote_id, arg_id, count, created_at) VALUES(21, 30, 71, 7, '2025-07-22 17:16:51');
INSERT INTO vote_result(id, vote_id, arg_id, count, created_at) VALUES(22, 19, 61, 9, '2025-08-07 17:16:51');
INSERT INTO vote_result(id, vote_id, arg_id, count, created_at) VALUES(23, 8, 57, 1, '2025-08-01 17:16:51');
INSERT INTO vote_result(id, vote_id, arg_id, count, created_at) VALUES(24, 18, 90, 6, '2025-08-05 17:16:51');
INSERT INTO vote_result(id, vote_id, arg_id, count, created_at) VALUES(25, 28, 77, 5, '2025-08-04 17:16:51');
INSERT INTO vote_result(id, vote_id, arg_id, count, created_at) VALUES(26, 25, 60, 16, '2025-08-07 17:16:51');
INSERT INTO vote_result(id, vote_id, arg_id, count, created_at) VALUES(27, 17, 112, 14, '2025-08-09 17:16:51');
INSERT INTO vote_result(id, vote_id, arg_id, count, created_at) VALUES(28, 5, 21, 8, '2025-07-23 17:16:51');
INSERT INTO vote_result(id, vote_id, arg_id, count, created_at) VALUES(29, 12, 14, 18, '2025-08-18 17:16:51');
INSERT INTO vote_result(id, vote_id, arg_id, count, created_at) VALUES(30, 11, 3, 18, '2025-07-30 17:16:51');
INSERT INTO vote_result(id, vote_id, arg_id, count, created_at) VALUES(31, 24, 90, 18, '2025-08-17 17:16:51');
INSERT INTO vote_result(id, vote_id, arg_id, count, created_at) VALUES(32, 7, 56, 7, '2025-08-12 17:16:51');
INSERT INTO vote_result(id, vote_id, arg_id, count, created_at) VALUES(33, 29, 66, 2, '2025-08-09 17:16:51');
INSERT INTO vote_result(id, vote_id, arg_id, count, created_at) VALUES(34, 34, 55, 3, '2025-08-14 17:16:51');
INSERT INTO vote_result(id, vote_id, arg_id, count, created_at) VALUES(35, 13, 31, 0, '2025-08-11 17:16:51');
INSERT INTO vote_result(id, vote_id, arg_id, count, created_at) VALUES(36, 3, 116, 18, '2025-08-08 17:16:51');
INSERT INTO vote_result(id, vote_id, arg_id, count, created_at) VALUES(37, 39, 104, 18, '2025-08-08 17:16:51');
INSERT INTO vote_result(id, vote_id, arg_id, count, created_at) VALUES(38, 27, 115, 11, '2025-07-24 17:16:51');
INSERT INTO vote_result(id, vote_id, arg_id, count, created_at) VALUES(39, 32, 100, 12, '2025-07-23 17:16:51');
INSERT INTO vote_result(id, vote_id, arg_id, count, created_at) VALUES(40, 29, 78, 6, '2025-07-28 17:16:51');
INSERT INTO vote_result(id, vote_id, arg_id, count, created_at) VALUES(41, 6, 86, 20, '2025-08-14 17:16:51');
INSERT INTO vote_result(id, vote_id, arg_id, count, created_at) VALUES(42, 30, 118, 8, '2025-08-14 17:16:51');
INSERT INTO vote_result(id, vote_id, arg_id, count, created_at) VALUES(43, 36, 96, 10, '2025-07-20 17:16:51');
INSERT INTO vote_result(id, vote_id, arg_id, count, created_at) VALUES(44, 19, 99, 8, '2025-08-08 17:16:51');
INSERT INTO vote_result(id, vote_id, arg_id, count, created_at) VALUES(45, 24, 52, 8, '2025-08-09 17:16:51');
INSERT INTO vote_result(id, vote_id, arg_id, count, created_at) VALUES(46, 28, 8, 15, '2025-08-16 17:16:51');
INSERT INTO vote_result(id, vote_id, arg_id, count, created_at) VALUES(47, 7, 57, 4, '2025-08-04 17:16:51');
INSERT INTO vote_result(id, vote_id, arg_id, count, created_at) VALUES(48, 26, 104, 18, '2025-08-09 17:16:51');
INSERT INTO vote_result(id, vote_id, arg_id, count, created_at) VALUES(49, 1, 70, 3, '2025-07-19 17:16:51');
INSERT INTO vote_result(id, vote_id, arg_id, count, created_at) VALUES(50, 34, 80, 2, '2025-08-05 17:16:51');
INSERT INTO vote_result(id, vote_id, arg_id, count, created_at) VALUES(51, 38, 36, 5, '2025-08-09 17:16:51');
INSERT INTO vote_result(id, vote_id, arg_id, count, created_at) VALUES(52, 17, 12, 10, '2025-08-15 17:16:51');
INSERT INTO vote_result(id, vote_id, arg_id, count, created_at) VALUES(53, 7, 94, 14, '2025-07-31 17:16:51');
INSERT INTO vote_result(id, vote_id, arg_id, count, created_at) VALUES(54, 35, 96, 15, '2025-07-29 17:16:51');
INSERT INTO vote_result(id, vote_id, arg_id, count, created_at) VALUES(55, 8, 33, 1, '2025-08-12 17:16:51');
INSERT INTO vote_result(id, vote_id, arg_id, count, created_at) VALUES(56, 11, 92, 11, '2025-08-03 17:16:51');
INSERT INTO vote_result(id, vote_id, arg_id, count, created_at) VALUES(57, 23, 118, 14, '2025-08-18 17:16:51');
INSERT INTO vote_result(id, vote_id, arg_id, count, created_at) VALUES(58, 31, 43, 1, '2025-07-30 17:16:51');
INSERT INTO vote_result(id, vote_id, arg_id, count, created_at) VALUES(59, 32, 10, 8, '2025-08-10 17:16:51');
INSERT INTO vote_result(id, vote_id, arg_id, count, created_at) VALUES(60, 23, 62, 18, '2025-08-06 17:16:51');
INSERT INTO vote_status(id, arg_id, user_id, created_at) VALUES(1, 5, 1, '2025-07-20 17:16:51');
INSERT INTO vote_status(id, arg_id, user_id, created_at) VALUES(2, 103, 35, '2025-07-26 17:16:51');
INSERT INTO vote_status(id, arg_id, user_id, created_at) VALUES(3, 97, 39, '2025-07-20 17:16:51');
INSERT INTO vote_status(id, arg_id, user_id, created_at) VALUES(4, 4, 23, '2025-07-23 17:16:51');
INSERT INTO vote_status(id, arg_id, user_id, created_at) VALUES(5, 108, 20, '2025-08-17 17:16:51');
INSERT INTO vote_status(id, arg_id, user_id, created_at) VALUES(6, 83, 40, '2025-07-22 17:16:51');
INSERT INTO vote_status(id, arg_id, user_id, created_at) VALUES(7, 105, 42, '2025-08-05 17:16:51');
INSERT INTO vote_status(id, arg_id, user_id, created_at) VALUES(8, 62, 25, '2025-07-31 17:16:51');
INSERT INTO vote_status(id, arg_id, user_id, created_at) VALUES(9, 22, 24, '2025-07-28 17:16:51');
INSERT INTO vote_status(id, arg_id, user_id, created_at) VALUES(10, 86, 28, '2025-07-29 17:16:51');
INSERT INTO vote_status(id, arg_id, user_id, created_at) VALUES(11, 56, 19, '2025-08-09 17:16:51');
INSERT INTO vote_status(id, arg_id, user_id, created_at) VALUES(12, 16, 21, '2025-07-26 17:16:51');
INSERT INTO vote_status(id, arg_id, user_id, created_at) VALUES(13, 33, 27, '2025-07-25 17:16:51');
INSERT INTO vote_status(id, arg_id, user_id, created_at) VALUES(14, 72, 19, '2025-08-01 17:16:51');
INSERT INTO vote_status(id, arg_id, user_id, created_at) VALUES(15, 113, 36, '2025-08-12 17:16:51');
INSERT INTO vote_status(id, arg_id, user_id, created_at) VALUES(16, 54, 33, '2025-07-26 17:16:51');
INSERT INTO vote_status(id, arg_id, user_id, created_at) VALUES(17, 45, 44, '2025-08-04 17:16:51');
INSERT INTO vote_status(id, arg_id, user_id, created_at) VALUES(18, 82, 20, '2025-08-13 17:16:51');
INSERT INTO vote_status(id, arg_id, user_id, created_at) VALUES(19, 11, 28, '2025-08-14 17:16:51');
INSERT INTO vote_status(id, arg_id, user_id, created_at) VALUES(20, 5, 4, '2025-08-14 17:16:51');
INSERT INTO vote_status(id, arg_id, user_id, created_at) VALUES(21, 79, 18, '2025-07-30 17:16:51');
INSERT INTO vote_status(id, arg_id, user_id, created_at) VALUES(22, 51, 20, '2025-07-28 17:16:51');
INSERT INTO vote_status(id, arg_id, user_id, created_at) VALUES(23, 85, 16, '2025-08-04 17:16:51');
INSERT INTO vote_status(id, arg_id, user_id, created_at) VALUES(24, 21, 36, '2025-07-28 17:16:51');
INSERT INTO vote_status(id, arg_id, user_id, created_at) VALUES(25, 105, 11, '2025-07-23 17:16:51');
INSERT INTO vote_status(id, arg_id, user_id, created_at) VALUES(26, 113, 45, '2025-08-06 17:16:51');
INSERT INTO vote_status(id, arg_id, user_id, created_at) VALUES(27, 49, 43, '2025-07-27 17:16:51');
INSERT INTO vote_status(id, arg_id, user_id, created_at) VALUES(28, 73, 34, '2025-08-05 17:16:51');
INSERT INTO vote_status(id, arg_id, user_id, created_at) VALUES(29, 100, 23, '2025-08-02 17:16:51');
INSERT INTO vote_status(id, arg_id, user_id, created_at) VALUES(30, 117, 30, '2025-08-14 17:16:51');
INSERT INTO vote_status(id, arg_id, user_id, created_at) VALUES(31, 94, 46, '2025-08-18 17:16:51');
INSERT INTO vote_status(id, arg_id, user_id, created_at) VALUES(32, 2, 8, '2025-07-30 17:16:51');
INSERT INTO vote_status(id, arg_id, user_id, created_at) VALUES(33, 98, 44, '2025-07-28 17:16:51');
INSERT INTO vote_status(id, arg_id, user_id, created_at) VALUES(34, 70, 28, '2025-08-09 17:16:51');
INSERT INTO vote_status(id, arg_id, user_id, created_at) VALUES(35, 105, 20, '2025-08-07 17:16:51');
INSERT INTO vote_status(id, arg_id, user_id, created_at) VALUES(36, 89, 32, '2025-07-30 17:16:51');
INSERT INTO vote_status(id, arg_id, user_id, created_at) VALUES(37, 80, 4, '2025-07-20 17:16:51');
INSERT INTO vote_status(id, arg_id, user_id, created_at) VALUES(38, 49, 36, '2025-08-17 17:16:51');
INSERT INTO vote_status(id, arg_id, user_id, created_at) VALUES(39, 114, 43, '2025-08-15 17:16:51');
INSERT INTO vote_status(id, arg_id, user_id, created_at) VALUES(40, 25, 22, '2025-07-25 17:16:51');
INSERT INTO vote_status(id, arg_id, user_id, created_at) VALUES(41, 68, 20, '2025-07-20 17:16:51');
INSERT INTO vote_status(id, arg_id, user_id, created_at) VALUES(42, 89, 33, '2025-08-14 17:16:51');
INSERT INTO vote_status(id, arg_id, user_id, created_at) VALUES(43, 85, 37, '2025-08-12 17:16:51');
INSERT INTO vote_status(id, arg_id, user_id, created_at) VALUES(44, 23, 31, '2025-08-06 17:16:51');
INSERT INTO vote_status(id, arg_id, user_id, created_at) VALUES(45, 70, 7, '2025-07-20 17:16:51');
INSERT INTO vote_status(id, arg_id, user_id, created_at) VALUES(46, 59, 13, '2025-07-31 17:16:51');
INSERT INTO vote_status(id, arg_id, user_id, created_at) VALUES(47, 69, 28, '2025-08-17 17:16:51');
INSERT INTO vote_status(id, arg_id, user_id, created_at) VALUES(48, 42, 5, '2025-07-21 17:16:51');
INSERT INTO vote_status(id, arg_id, user_id, created_at) VALUES(49, 14, 44, '2025-08-11 17:16:51');
INSERT INTO vote_status(id, arg_id, user_id, created_at) VALUES(50, 95, 3, '2025-08-05 17:16:51');
INSERT INTO vote_status(id, arg_id, user_id, created_at) VALUES(51, 82, 12, '2025-08-03 17:16:51');
INSERT INTO vote_status(id, arg_id, user_id, created_at) VALUES(52, 90, 24, '2025-08-05 17:16:51');
INSERT INTO vote_status(id, arg_id, user_id, created_at) VALUES(53, 95, 27, '2025-07-24 17:16:51');
INSERT INTO vote_status(id, arg_id, user_id, created_at) VALUES(54, 8, 30, '2025-08-13 17:16:51');
INSERT INTO vote_status(id, arg_id, user_id, created_at) VALUES(55, 119, 22, '2025-07-24 17:16:51');
INSERT INTO vote_status(id, arg_id, user_id, created_at) VALUES(56, 91, 25, '2025-08-06 17:16:51');
INSERT INTO vote_status(id, arg_id, user_id, created_at) VALUES(57, 107, 27, '2025-08-03 17:16:51');
INSERT INTO vote_status(id, arg_id, user_id, created_at) VALUES(58, 94, 9, '2025-07-25 17:16:51');
INSERT INTO vote_status(id, arg_id, user_id, created_at) VALUES(59, 31, 34, '2025-08-14 17:16:51');
INSERT INTO vote_status(id, arg_id, user_id, created_at) VALUES(60, 70, 34, '2025-08-15 17:16:51');
INSERT INTO vote_status(id, arg_id, user_id, created_at) VALUES(61, 27, 26, '2025-08-15 17:16:51');
INSERT INTO vote_status(id, arg_id, user_id, created_at) VALUES(62, 33, 45, '2025-08-05 17:16:51');
INSERT INTO vote_status(id, arg_id, user_id, created_at) VALUES(63, 100, 15, '2025-08-05 17:16:51');
INSERT INTO vote_status(id, arg_id, user_id, created_at) VALUES(64, 101, 42, '2025-07-20 17:16:51');
INSERT INTO vote_status(id, arg_id, user_id, created_at) VALUES(65, 105, 50, '2025-07-25 17:16:51');
INSERT INTO vote_status(id, arg_id, user_id, created_at) VALUES(66, 93, 18, '2025-08-17 17:16:51');
INSERT INTO vote_status(id, arg_id, user_id, created_at) VALUES(67, 37, 41, '2025-07-25 17:16:51');
INSERT INTO vote_status(id, arg_id, user_id, created_at) VALUES(68, 98, 46, '2025-07-27 17:16:51');
INSERT INTO vote_status(id, arg_id, user_id, created_at) VALUES(69, 54, 27, '2025-07-24 17:16:51');
INSERT INTO vote_status(id, arg_id, user_id, created_at) VALUES(70, 43, 13, '2025-08-03 17:16:51');
INSERT INTO vote_status(id, arg_id, user_id, created_at) VALUES(71, 22, 33, '2025-08-18 17:16:51');
INSERT INTO vote_status(id, arg_id, user_id, created_at) VALUES(72, 63, 11, '2025-08-10 17:16:51');
INSERT INTO vote_status(id, arg_id, user_id, created_at) VALUES(73, 106, 45, '2025-08-07 17:16:51');
INSERT INTO vote_status(id, arg_id, user_id, created_at) VALUES(74, 51, 20, '2025-08-13 17:16:51');
INSERT INTO vote_status(id, arg_id, user_id, created_at) VALUES(75, 76, 32, '2025-08-02 17:16:51');
INSERT INTO vote_status(id, arg_id, user_id, created_at) VALUES(76, 90, 48, '2025-08-03 17:16:51');
INSERT INTO vote_status(id, arg_id, user_id, created_at) VALUES(77, 38, 18, '2025-07-31 17:16:51');
INSERT INTO vote_status(id, arg_id, user_id, created_at) VALUES(78, 25, 17, '2025-08-03 17:16:51');
INSERT INTO vote_status(id, arg_id, user_id, created_at) VALUES(79, 68, 3, '2025-08-01 17:16:51');
INSERT INTO vote_status(id, arg_id, user_id, created_at) VALUES(80, 33, 47, '2025-08-11 17:16:51');
INSERT INTO vote_status(id, arg_id, user_id, created_at) VALUES(81, 40, 33, '2025-08-16 17:16:51');
INSERT INTO vote_status(id, arg_id, user_id, created_at) VALUES(82, 9, 13, '2025-07-24 17:16:51');
INSERT INTO vote_status(id, arg_id, user_id, created_at) VALUES(83, 46, 17, '2025-08-11 17:16:51');
INSERT INTO vote_status(id, arg_id, user_id, created_at) VALUES(84, 54, 44, '2025-08-17 17:16:51');
INSERT INTO vote_status(id, arg_id, user_id, created_at) VALUES(85, 2, 26, '2025-08-15 17:16:51');
INSERT INTO vote_status(id, arg_id, user_id, created_at) VALUES(86, 36, 34, '2025-08-10 17:16:51');
INSERT INTO vote_status(id, arg_id, user_id, created_at) VALUES(87, 33, 21, '2025-07-23 17:16:51');
INSERT INTO vote_status(id, arg_id, user_id, created_at) VALUES(88, 106, 44, '2025-07-31 17:16:51');
INSERT INTO vote_status(id, arg_id, user_id, created_at) VALUES(89, 62, 31, '2025-07-22 17:16:51');
INSERT INTO vote_status(id, arg_id, user_id, created_at) VALUES(90, 15, 19, '2025-08-16 17:16:51');
INSERT INTO vote_status(id, arg_id, user_id, created_at) VALUES(91, 33, 49, '2025-08-05 17:16:51');
INSERT INTO vote_status(id, arg_id, user_id, created_at) VALUES(92, 116, 21, '2025-07-31 17:16:51');
INSERT INTO vote_status(id, arg_id, user_id, created_at) VALUES(93, 85, 19, '2025-08-05 17:16:51');
INSERT INTO vote_status(id, arg_id, user_id, created_at) VALUES(94, 15, 22, '2025-08-13 17:16:51');
INSERT INTO vote_status(id, arg_id, user_id, created_at) VALUES(95, 102, 17, '2025-07-19 17:16:51');
INSERT INTO vote_status(id, arg_id, user_id, created_at) VALUES(96, 6, 15, '2025-07-26 17:16:51');
INSERT INTO vote_status(id, arg_id, user_id, created_at) VALUES(97, 84, 49, '2025-08-09 17:16:51');
INSERT INTO vote_status(id, arg_id, user_id, created_at) VALUES(98, 3, 29, '2025-07-24 17:16:51');
INSERT INTO vote_status(id, arg_id, user_id, created_at) VALUES(99, 96, 49, '2025-08-18 17:16:51');
INSERT INTO vote_status(id, arg_id, user_id, created_at) VALUES(100, 72, 15, '2025-07-29 17:16:51');
