
INSERT INTO community_category(id, is_kor, name, created_at) VALUES(1, 1, '음악', '2025-08-19 10:34:09');
INSERT INTO community_category(id, is_kor, name, created_at) VALUES(2, 1, '영화', '2025-08-19 10:34:09');
INSERT INTO community_category(id, is_kor, name, created_at) VALUES(3, 1, '게임', '2025-08-19 10:34:09');
INSERT INTO community_category(id, is_kor, name, created_at) VALUES(4, 1, '책', '2025-08-19 10:34:09');
INSERT INTO community_category(id, is_kor, name, created_at) VALUES(5, 1, '기타', '2025-08-19 10:34:09');
INSERT INTO community(id, category_id, creator_id, name, description, created_at, track_id, intro) VALUES(1, 2, 6, '커뮤니티1', '커뮤니티 설명 1', '2025-07-29 10:34:09', '78Af1SkRTxLg3fgb3Js3nV', '인트로 1');
INSERT INTO community(id, category_id, creator_id, name, description, created_at, track_id, intro) VALUES(2, 1, 45, '커뮤니티2', '커뮤니티 설명 2', '2025-07-25 10:34:09', '69dF0bCa5X3sMQatT3vW31', '인트로 2');
INSERT INTO community(id, category_id, creator_id, name, description, created_at, track_id, intro) VALUES(3, 4, 46, '커뮤니티3', '커뮤니티 설명 3', '2025-08-09 10:34:09', '4XTXamS1g4g93jPxyuFJJ6', '인트로 3');
INSERT INTO community(id, category_id, creator_id, name, description, created_at, track_id, intro) VALUES(4, 5, 3, '커뮤니티4', '커뮤니티 설명 4', '2025-07-30 10:34:09', '5PMcoXXq1foyS8VFmJQvjt', '인트로 4');
INSERT INTO community(id, category_id, creator_id, name, description, created_at, track_id, intro) VALUES(5, 4, 14, '커뮤니티5', '커뮤니티 설명 5', '2025-07-30 10:34:09', '6QdnKD1zwEgyOWtkrdzlOF', '인트로 5');
INSERT INTO community(id, category_id, creator_id, name, description, created_at, track_id, intro) VALUES(6, 2, 45, '커뮤니티6', '커뮤니티 설명 6', '2025-08-08 10:34:09', '76kyKtPLsFbQkdQ86QrkF4', '인트로 6');
INSERT INTO community(id, category_id, creator_id, name, description, created_at, track_id, intro) VALUES(7, 1, 25, '커뮤니티7', '커뮤니티 설명 7', '2025-07-31 10:34:09', '4jzrYUhlzXROpV5M944Yvu', '인트로 7');
INSERT INTO community(id, category_id, creator_id, name, description, created_at, track_id, intro) VALUES(8, 1, 34, '커뮤니티8', '커뮤니티 설명 8', '2025-08-01 10:34:09', '0u24lLekIGJ0CifIrHdD8N', '인트로 8');
INSERT INTO community(id, category_id, creator_id, name, description, created_at, track_id, intro) VALUES(9, 1, 17, '커뮤니티9', '커뮤니티 설명 9', '2025-07-29 10:34:09', '4YS0JF9kSLe15ggwOQqQit', '인트로 9');
INSERT INTO community(id, category_id, creator_id, name, description, created_at, track_id, intro) VALUES(10, 1, 26, '커뮤니티10', '커뮤니티 설명 10', '2025-08-07 10:34:09', '0wQAFwLtz1WSfFALy5iOyN', '인트로 10');
INSERT INTO community(id, category_id, creator_id, name, description, created_at, track_id, intro) VALUES(11, 2, 1, '커뮤니티11', '커뮤니티 설명 11', '2025-08-04 10:34:09', '3SYaLJHfxIDeJAirXoTquF', '인트로 11');
INSERT INTO community(id, category_id, creator_id, name, description, created_at, track_id, intro) VALUES(12, 3, 18, '커뮤니티12', '커뮤니티 설명 12', '2025-08-19 10:34:09', '4VMRsbfZzd3SfQtaJ1Wpwi', '인트로 12');
INSERT INTO community(id, category_id, creator_id, name, description, created_at, track_id, intro) VALUES(13, 3, 41, '커뮤니티13', '커뮤니티 설명 13', '2025-08-11 10:34:09', '4Mnnd0fBRucoxGhtG7MccI', '인트로 13');
INSERT INTO community(id, category_id, creator_id, name, description, created_at, track_id, intro) VALUES(14, 3, 3, '커뮤니티14', '커뮤니티 설명 14', '2025-07-27 10:34:09', '4D1ixkJ5oQwLangrMs8TyB', '인트로 14');
INSERT INTO community(id, category_id, creator_id, name, description, created_at, track_id, intro) VALUES(15, 5, 7, '커뮤니티15', '커뮤니티 설명 15', '2025-07-28 10:34:09', '54tBIDmNdxGp04gPNWCCbi', '인트로 15');
INSERT INTO community(id, category_id, creator_id, name, description, created_at, track_id, intro) VALUES(16, 4, 42, '커뮤니티16', '커뮤니티 설명 16', '2025-07-21 10:34:09', '3r5lHFACTti0w2REN5tcrn', '인트로 16');
INSERT INTO community(id, category_id, creator_id, name, description, created_at, track_id, intro) VALUES(17, 1, 17, '커뮤니티17', '커뮤니티 설명 17', '2025-07-31 10:34:09', '1PDP7mLiAMwhfmgIwzhOm2', '인트로 17');
INSERT INTO community(id, category_id, creator_id, name, description, created_at, track_id, intro) VALUES(18, 3, 28, '커뮤니티18', '커뮤니티 설명 18', '2025-07-28 10:34:09', '5XMkENs3GfeRza8MfVAhjK', '인트로 18');
INSERT INTO community(id, category_id, creator_id, name, description, created_at, track_id, intro) VALUES(19, 5, 5, '커뮤니티19', '커뮤니티 설명 19', '2025-07-29 10:34:09', '6qVqWJxIpsabUKBILG7d6N', '인트로 19');
INSERT INTO community(id, category_id, creator_id, name, description, created_at, track_id, intro) VALUES(20, 2, 15, '커뮤니티20', '커뮤니티 설명 20', '2025-08-11 10:34:09', '6jy9yJfgCsMHdu2Oz4BGKX', '인트로 20');
INSERT INTO board_post(id, community_id, user_id, title, content, created_at, type, views, track_id, thumbnail_url) VALUES(1, 4, 9, '게시글1', '게시글 내용 1', '2025-08-18 10:34:09', NULL, 82, '7H3cuCPaX9WHZXQ0Q9RlxH', '/img/profileImg.png');
INSERT INTO board_post(id, community_id, user_id, title, content, created_at, type, views, track_id, thumbnail_url) VALUES(2, 20, 31, '게시글2', '게시글 내용 2', '2025-08-09 10:34:09', NULL, 68, '3k7FTBQkstaBcYHamx9jqe', '/img/profileImg.png');
INSERT INTO board_post(id, community_id, user_id, title, content, created_at, type, views, track_id, thumbnail_url) VALUES(3, 20, 22, '게시글3', '게시글 내용 3', '2025-08-13 10:34:09', NULL, 42, '0Fsl0mlmjIrAwjIwjFQ8NC', '/img/profileImg.png');
INSERT INTO board_post(id, community_id, user_id, title, content, created_at, type, views, track_id, thumbnail_url) VALUES(4, 11, 10, '게시글4', '게시글 내용 4', '2025-07-26 10:34:09', NULL, 1, '0HHKGXT6NQ83tUbVI31O1H', '/img/profileImg.png');
INSERT INTO board_post(id, community_id, user_id, title, content, created_at, type, views, track_id, thumbnail_url) VALUES(5, 4, 40, '게시글5', '게시글 내용 5', '2025-08-14 10:34:09', NULL, 69, '1SLsDrKugNzhjksXYMDkm5', '/img/profileImg.png');
INSERT INTO board_post(id, community_id, user_id, title, content, created_at, type, views, track_id, thumbnail_url) VALUES(6, 9, 14, '게시글6', '게시글 내용 6', '2025-08-14 10:34:09', NULL, 96, '5eMbkNvdn4VbUQaJmqyalo', '/img/profileImg.png');
INSERT INTO board_post(id, community_id, user_id, title, content, created_at, type, views, track_id, thumbnail_url) VALUES(7, 18, 21, '게시글7', '게시글 내용 7', '2025-08-10 10:34:09', NULL, 5, '1b8L7w2aOmmaZ1BbWJurZZ', '/img/profileImg.png');
INSERT INTO board_post(id, community_id, user_id, title, content, created_at, type, views, track_id, thumbnail_url) VALUES(8, 4, 29, '게시글8', '게시글 내용 8', '2025-07-22 10:34:09', NULL, 4, '6jy9yJfgCsMHdu2Oz4BGKX', '/img/profileImg.png');
INSERT INTO board_post(id, community_id, user_id, title, content, created_at, type, views, track_id, thumbnail_url) VALUES(9, 19, 2, '게시글9', '게시글 내용 9', '2025-07-23 10:34:09', NULL, 78, '4ESFBj73tp3JbZiALSjQZr', '/img/profileImg.png');
INSERT INTO board_post(id, community_id, user_id, title, content, created_at, type, views, track_id, thumbnail_url) VALUES(10, 8, 19, '게시글10', '게시글 내용 10', '2025-07-29 10:34:09', NULL, 88, '0z7S7ArhLtHl2vzXyYPfIH', '/img/profileImg.png');
INSERT INTO board_post(id, community_id, user_id, title, content, created_at, type, views, track_id, thumbnail_url) VALUES(11, 16, 42, '게시글11', '게시글 내용 11', '2025-07-27 10:34:09', NULL, 7, '4JjJ1KNRrzqstSY0uDuys3', '/img/profileImg.png');
INSERT INTO board_post(id, community_id, user_id, title, content, created_at, type, views, track_id, thumbnail_url) VALUES(12, 18, 16, '게시글12', '게시글 내용 12', '2025-08-18 10:34:09', NULL, 9, '0kwrPQkiGVE8KTHalH1uMo', '/img/profileImg.png');
INSERT INTO board_post(id, community_id, user_id, title, content, created_at, type, views, track_id, thumbnail_url) VALUES(13, 9, 50, '게시글13', '게시글 내용 13', '2025-08-02 10:34:09', NULL, 7, '759ndr57jb0URg4j9YSWml', '/img/profileImg.png');
INSERT INTO board_post(id, community_id, user_id, title, content, created_at, type, views, track_id, thumbnail_url) VALUES(14, 13, 2, '게시글14', '게시글 내용 14', '2025-08-19 10:34:09', NULL, 72, '3tP6QKbXvtrxiDI7QwKyUf', '/img/profileImg.png');
INSERT INTO board_post(id, community_id, user_id, title, content, created_at, type, views, track_id, thumbnail_url) VALUES(15, 15, 41, '게시글15', '게시글 내용 15', '2025-07-31 10:34:09', NULL, 15, '3899iOqKw5rguY18v7LXXY', '/img/profileImg.png');
INSERT INTO board_post(id, community_id, user_id, title, content, created_at, type, views, track_id, thumbnail_url) VALUES(16, 20, 36, '게시글16', '게시글 내용 16', '2025-07-22 10:34:09', NULL, 32, '5ScbulRnixQ2XAdvrPMFjz', '/img/profileImg.png');
INSERT INTO board_post(id, community_id, user_id, title, content, created_at, type, views, track_id, thumbnail_url) VALUES(17, 17, 4, '게시글17', '게시글 내용 17', '2025-07-28 10:34:09', NULL, 8, '4Poz3qJ8a4NJWDGWDS3a94', '/img/profileImg.png');
INSERT INTO board_post(id, community_id, user_id, title, content, created_at, type, views, track_id, thumbnail_url) VALUES(18, 18, 34, '게시글18', '게시글 내용 18', '2025-07-31 10:34:09', NULL, 5, '4FIgHqXd4KkOwxrGeLDYM2', '/img/profileImg.png');
INSERT INTO board_post(id, community_id, user_id, title, content, created_at, type, views, track_id, thumbnail_url) VALUES(19, 14, 9, '게시글19', '게시글 내용 19', '2025-08-17 10:34:09', NULL, 32, '37vULhf6YM1HbrqcZmbxOV', '/img/profileImg.png');
INSERT INTO board_post(id, community_id, user_id, title, content, created_at, type, views, track_id, thumbnail_url) VALUES(20, 8, 27, '게시글20', '게시글 내용 20', '2025-07-25 10:34:09', NULL, 44, '5ScbulRnixQ2XAdvrPMFjz', '/img/profileImg.png');
INSERT INTO board_post(id, community_id, user_id, title, content, created_at, type, views, track_id, thumbnail_url) VALUES(21, 2, 42, '게시글21', '게시글 내용 21', '2025-07-23 10:34:09', NULL, 12, '2D5fYMRm0Fm1kDt4IvccGM', '/img/profileImg.png');
INSERT INTO board_post(id, community_id, user_id, title, content, created_at, type, views, track_id, thumbnail_url) VALUES(22, 5, 14, '게시글22', '게시글 내용 22', '2025-08-02 10:34:09', NULL, 27, '3XuUzHVw3f2wZRE6RyoMtM', '/img/profileImg.png');
INSERT INTO board_post(id, community_id, user_id, title, content, created_at, type, views, track_id, thumbnail_url) VALUES(23, 4, 49, '게시글23', '게시글 내용 23', '2025-07-30 10:34:09', NULL, 13, '57zypVDrqyXAJhnfvd3v8j', '/img/profileImg.png');
INSERT INTO board_post(id, community_id, user_id, title, content, created_at, type, views, track_id, thumbnail_url) VALUES(24, 12, 21, '게시글24', '게시글 내용 24', '2025-07-28 10:34:09', NULL, 75, '7yJktKsS9pNnEpwZWTdX5C', '/img/profileImg.png');
INSERT INTO board_post(id, community_id, user_id, title, content, created_at, type, views, track_id, thumbnail_url) VALUES(25, 17, 32, '게시글25', '게시글 내용 25', '2025-08-09 10:34:09', NULL, 14, '36CVpUB9PJ8SOzEcf2q6os', '/img/profileImg.png');
INSERT INTO board_post(id, community_id, user_id, title, content, created_at, type, views, track_id, thumbnail_url) VALUES(26, 20, 46, '게시글26', '게시글 내용 26', '2025-07-25 10:34:09', NULL, 69, '60XAS1A7ABO58GeofeVs9W', '/img/profileImg.png');
INSERT INTO board_post(id, community_id, user_id, title, content, created_at, type, views, track_id, thumbnail_url) VALUES(27, 1, 11, '게시글27', '게시글 내용 27', '2025-08-05 10:34:09', NULL, 30, '3ppVO2tyWRRznNmONvt7Se', '/img/profileImg.png');
INSERT INTO board_post(id, community_id, user_id, title, content, created_at, type, views, track_id, thumbnail_url) VALUES(28, 11, 30, '게시글28', '게시글 내용 28', '2025-07-24 10:34:09', NULL, 70, '0awWj9Wzj375IL5etqa1Dk', '/img/profileImg.png');
INSERT INTO board_post(id, community_id, user_id, title, content, created_at, type, views, track_id, thumbnail_url) VALUES(29, 18, 35, '게시글29', '게시글 내용 29', '2025-08-05 10:34:09', NULL, 93, '4z66pUh3MsTiZIofVjKLuE', '/img/profileImg.png');
INSERT INTO board_post(id, community_id, user_id, title, content, created_at, type, views, track_id, thumbnail_url) VALUES(30, 18, 11, '게시글30', '게시글 내용 30', '2025-07-23 10:34:09', NULL, 4, '58Q3FZFs1YXPpliWQB5kXB', '/img/profileImg.png');
INSERT INTO board_post(id, community_id, user_id, title, content, created_at, type, views, track_id, thumbnail_url) VALUES(31, 10, 42, '게시글31', '게시글 내용 31', '2025-07-29 10:34:09', NULL, 34, '2k0PMMQw04p2dFO1lxZC6b', '/img/profileImg.png');
INSERT INTO board_post(id, community_id, user_id, title, content, created_at, type, views, track_id, thumbnail_url) VALUES(32, 18, 24, '게시글32', '게시글 내용 32', '2025-08-06 10:34:09', NULL, 26, '2tUL6dZf1mywCj5WvCPZw6', '/img/profileImg.png');
INSERT INTO board_post(id, community_id, user_id, title, content, created_at, type, views, track_id, thumbnail_url) VALUES(33, 5, 41, '게시글33', '게시글 내용 33', '2025-08-09 10:34:09', NULL, 42, '3rE5PBReux0vbrIqbWFLnt', '/img/profileImg.png');
INSERT INTO board_post(id, community_id, user_id, title, content, created_at, type, views, track_id, thumbnail_url) VALUES(34, 15, 39, '게시글34', '게시글 내용 34', '2025-07-23 10:34:09', NULL, 43, '15k2nBQJ0teDmPZHrOXL2N', '/img/profileImg.png');
INSERT INTO board_post(id, community_id, user_id, title, content, created_at, type, views, track_id, thumbnail_url) VALUES(35, 19, 12, '게시글35', '게시글 내용 35', '2025-08-07 10:34:09', NULL, 20, '7bi5vk9KoY6Flkat31ViYD', '/img/profileImg.png');
INSERT INTO board_post(id, community_id, user_id, title, content, created_at, type, views, track_id, thumbnail_url) VALUES(36, 1, 5, '게시글36', '게시글 내용 36', '2025-08-16 10:34:09', NULL, 70, '6AIxmLiDNHFQgZstB4lzDB', '/img/profileImg.png');
INSERT INTO board_post(id, community_id, user_id, title, content, created_at, type, views, track_id, thumbnail_url) VALUES(37, 5, 9, '게시글37', '게시글 내용 37', '2025-08-19 10:34:09', NULL, 37, '2WC4sK0ryyysQhtDok9Ytr', '/img/profileImg.png');
INSERT INTO board_post(id, community_id, user_id, title, content, created_at, type, views, track_id, thumbnail_url) VALUES(38, 3, 1, '게시글38', '게시글 내용 38', '2025-08-06 10:34:09', NULL, 17, '6zZWoHlF2zNSLUNLvx4GUl', '/img/profileImg.png');
INSERT INTO board_post(id, community_id, user_id, title, content, created_at, type, views, track_id, thumbnail_url) VALUES(39, 5, 1, '게시글39', '게시글 내용 39', '2025-07-25 10:34:09', NULL, 58, '4bhdXu37gtEm2q68PBIHtY', '/img/profileImg.png');
INSERT INTO board_post(id, community_id, user_id, title, content, created_at, type, views, track_id, thumbnail_url) VALUES(40, 17, 8, '게시글40', '게시글 내용 40', '2025-08-11 10:34:09', NULL, 71, '37vULhf6YM1HbrqcZmbxOV', '/img/profileImg.png');
INSERT INTO comment(id, content, created_at, user_id, type, target_id, board_post_id, parent_comment_id) VALUES(1, '댓글 내용 1', '2025-08-11 10:34:09', 48, 'posts', 8, 8, NULL);
INSERT INTO comment(id, content, created_at, user_id, type, target_id, board_post_id, parent_comment_id) VALUES(2, '댓글 내용 2', '2025-07-29 10:34:09', 1, 'posts', 13, 13, 1);
INSERT INTO comment(id, content, created_at, user_id, type, target_id, board_post_id, parent_comment_id) VALUES(3, '댓글 내용 3', '2025-08-01 10:34:09', 4, 'posts', 27, 27, NULL);
INSERT INTO comment(id, content, created_at, user_id, type, target_id, board_post_id, parent_comment_id) VALUES(4, '댓글 내용 4', '2025-07-28 10:34:09', 25, 'posts', 34, 34, 3);
INSERT INTO comment(id, content, created_at, user_id, type, target_id, board_post_id, parent_comment_id) VALUES(5, '댓글 내용 5', '2025-08-17 10:34:09', 34, 'posts', 17, 17, NULL);
INSERT INTO comment(id, content, created_at, user_id, type, target_id, board_post_id, parent_comment_id) VALUES(6, '댓글 내용 6', '2025-08-15 10:34:09', 40, 'posts', 37, 37, NULL);
INSERT INTO comment(id, content, created_at, user_id, type, target_id, board_post_id, parent_comment_id) VALUES(7, '댓글 내용 7', '2025-08-17 10:34:09', 35, 'posts', 13, 13, 6);
INSERT INTO comment(id, content, created_at, user_id, type, target_id, board_post_id, parent_comment_id) VALUES(8, '댓글 내용 8', '2025-08-13 10:34:09', 4, 'posts', 9, 9, NULL);
INSERT INTO comment(id, content, created_at, user_id, type, target_id, board_post_id, parent_comment_id) VALUES(9, '댓글 내용 9', '2025-08-08 10:34:09', 50, 'posts', 26, 26, NULL);
INSERT INTO comment(id, content, created_at, user_id, type, target_id, board_post_id, parent_comment_id) VALUES(10, '댓글 내용 10', '2025-07-23 10:34:09', 4, 'posts', 2, 2, NULL);
INSERT INTO comment(id, content, created_at, user_id, type, target_id, board_post_id, parent_comment_id) VALUES(11, '댓글 내용 11', '2025-07-23 10:34:09', 6, 'posts', 39, 39, NULL);
INSERT INTO comment(id, content, created_at, user_id, type, target_id, board_post_id, parent_comment_id) VALUES(12, '댓글 내용 12', '2025-07-25 10:34:09', 41, 'posts', 40, 40, NULL);
INSERT INTO comment(id, content, created_at, user_id, type, target_id, board_post_id, parent_comment_id) VALUES(13, '댓글 내용 13', '2025-08-11 10:34:09', 35, 'posts', 29, 29, NULL);
INSERT INTO comment(id, content, created_at, user_id, type, target_id, board_post_id, parent_comment_id) VALUES(14, '댓글 내용 14', '2025-08-15 10:34:09', 11, 'posts', 21, 21, NULL);
INSERT INTO comment(id, content, created_at, user_id, type, target_id, board_post_id, parent_comment_id) VALUES(15, '댓글 내용 15', '2025-08-09 10:34:09', 18, 'posts', 29, 29, NULL);
INSERT INTO comment(id, content, created_at, user_id, type, target_id, board_post_id, parent_comment_id) VALUES(16, '댓글 내용 16', '2025-07-20 10:34:09', 2, 'posts', 4, 4, NULL);
INSERT INTO comment(id, content, created_at, user_id, type, target_id, board_post_id, parent_comment_id) VALUES(17, '댓글 내용 17', '2025-08-07 10:34:09', 13, 'posts', 18, 18, NULL);
INSERT INTO comment(id, content, created_at, user_id, type, target_id, board_post_id, parent_comment_id) VALUES(18, '댓글 내용 18', '2025-08-19 10:34:09', 5, 'posts', 30, 30, NULL);
INSERT INTO comment(id, content, created_at, user_id, type, target_id, board_post_id, parent_comment_id) VALUES(19, '댓글 내용 19', '2025-08-01 10:34:09', 45, 'posts', 26, 26, NULL);
INSERT INTO comment(id, content, created_at, user_id, type, target_id, board_post_id, parent_comment_id) VALUES(20, '댓글 내용 20', '2025-08-13 10:34:09', 36, 'posts', 14, 14, 2);
INSERT INTO comment(id, content, created_at, user_id, type, target_id, board_post_id, parent_comment_id) VALUES(21, '댓글 내용 21', '2025-08-09 10:34:09', 6, 'posts', 24, 24, NULL);
INSERT INTO comment(id, content, created_at, user_id, type, target_id, board_post_id, parent_comment_id) VALUES(22, '댓글 내용 22', '2025-08-10 10:34:09', 11, 'posts', 29, 29, 21);
INSERT INTO comment(id, content, created_at, user_id, type, target_id, board_post_id, parent_comment_id) VALUES(23, '댓글 내용 23', '2025-08-15 10:34:09', 50, 'posts', 36, 36, 4);
INSERT INTO comment(id, content, created_at, user_id, type, target_id, board_post_id, parent_comment_id) VALUES(24, '댓글 내용 24', '2025-08-15 10:34:09', 33, 'posts', 26, 26, NULL);
INSERT INTO comment(id, content, created_at, user_id, type, target_id, board_post_id, parent_comment_id) VALUES(25, '댓글 내용 25', '2025-08-15 10:34:09', 10, 'posts', 17, 17, NULL);
INSERT INTO comment(id, content, created_at, user_id, type, target_id, board_post_id, parent_comment_id) VALUES(26, '댓글 내용 26', '2025-08-02 10:34:09', 36, 'posts', 35, 35, NULL);
INSERT INTO comment(id, content, created_at, user_id, type, target_id, board_post_id, parent_comment_id) VALUES(27, '댓글 내용 27', '2025-08-03 10:34:09', 49, 'posts', 28, 28, NULL);
INSERT INTO comment(id, content, created_at, user_id, type, target_id, board_post_id, parent_comment_id) VALUES(28, '댓글 내용 28', '2025-07-21 10:34:09', 41, 'posts', 34, 34, 24);
INSERT INTO comment(id, content, created_at, user_id, type, target_id, board_post_id, parent_comment_id) VALUES(29, '댓글 내용 29', '2025-08-18 10:34:09', 22, 'posts', 35, 35, NULL);
INSERT INTO comment(id, content, created_at, user_id, type, target_id, board_post_id, parent_comment_id) VALUES(30, '댓글 내용 30', '2025-07-22 10:34:09', 42, 'posts', 15, 15, NULL);
INSERT INTO comment(id, content, created_at, user_id, type, target_id, board_post_id, parent_comment_id) VALUES(31, '댓글 내용 31', '2025-07-20 10:34:09', 42, 'posts', 25, 25, NULL);
INSERT INTO comment(id, content, created_at, user_id, type, target_id, board_post_id, parent_comment_id) VALUES(32, '댓글 내용 32', '2025-08-07 10:34:09', 12, 'posts', 37, 37, 15);
INSERT INTO comment(id, content, created_at, user_id, type, target_id, board_post_id, parent_comment_id) VALUES(33, '댓글 내용 33', '2025-08-12 10:34:09', 15, 'posts', 11, 11, 9);
INSERT INTO comment(id, content, created_at, user_id, type, target_id, board_post_id, parent_comment_id) VALUES(34, '댓글 내용 34', '2025-08-19 10:34:09', 8, 'posts', 26, 26, 23);
INSERT INTO comment(id, content, created_at, user_id, type, target_id, board_post_id, parent_comment_id) VALUES(35, '댓글 내용 35', '2025-08-17 10:34:09', 1, 'posts', 8, 8, NULL);
INSERT INTO comment(id, content, created_at, user_id, type, target_id, board_post_id, parent_comment_id) VALUES(36, '댓글 내용 36', '2025-07-24 10:34:09', 45, 'posts', 34, 34, NULL);
INSERT INTO comment(id, content, created_at, user_id, type, target_id, board_post_id, parent_comment_id) VALUES(37, '댓글 내용 37', '2025-07-21 10:34:09', 10, 'posts', 4, 4, NULL);
INSERT INTO comment(id, content, created_at, user_id, type, target_id, board_post_id, parent_comment_id) VALUES(38, '댓글 내용 38', '2025-08-03 10:34:09', 26, 'posts', 18, 18, 30);
INSERT INTO comment(id, content, created_at, user_id, type, target_id, board_post_id, parent_comment_id) VALUES(39, '댓글 내용 39', '2025-08-05 10:34:09', 36, 'posts', 35, 35, NULL);
INSERT INTO comment(id, content, created_at, user_id, type, target_id, board_post_id, parent_comment_id) VALUES(40, '댓글 내용 40', '2025-08-04 10:34:09', 6, 'posts', 23, 23, 28);
INSERT INTO comment(id, content, created_at, user_id, type, target_id, board_post_id, parent_comment_id) VALUES(41, '댓글 내용 41', '2025-08-12 10:34:09', 49, 'posts', 24, 24, NULL);
INSERT INTO comment(id, content, created_at, user_id, type, target_id, board_post_id, parent_comment_id) VALUES(42, '댓글 내용 42', '2025-07-23 10:34:09', 39, 'posts', 29, 29, NULL);
INSERT INTO comment(id, content, created_at, user_id, type, target_id, board_post_id, parent_comment_id) VALUES(43, '댓글 내용 43', '2025-07-24 10:34:09', 27, 'posts', 30, 30, NULL);
INSERT INTO comment(id, content, created_at, user_id, type, target_id, board_post_id, parent_comment_id) VALUES(44, '댓글 내용 44', '2025-07-24 10:34:09', 21, 'posts', 10, 10, NULL);
INSERT INTO comment(id, content, created_at, user_id, type, target_id, board_post_id, parent_comment_id) VALUES(45, '댓글 내용 45', '2025-07-29 10:34:09', 23, 'posts', 21, 21, NULL);
INSERT INTO comment(id, content, created_at, user_id, type, target_id, board_post_id, parent_comment_id) VALUES(46, '댓글 내용 46', '2025-08-09 10:34:09', 24, 'posts', 37, 37, NULL);
INSERT INTO comment(id, content, created_at, user_id, type, target_id, board_post_id, parent_comment_id) VALUES(47, '댓글 내용 47', '2025-08-08 10:34:09', 5, 'posts', 3, 3, 9);
INSERT INTO comment(id, content, created_at, user_id, type, target_id, board_post_id, parent_comment_id) VALUES(48, '댓글 내용 48', '2025-08-13 10:34:09', 33, 'posts', 13, 13, 23);
INSERT INTO comment(id, content, created_at, user_id, type, target_id, board_post_id, parent_comment_id) VALUES(49, '댓글 내용 49', '2025-08-11 10:34:09', 50, 'posts', 9, 9, NULL);
INSERT INTO comment(id, content, created_at, user_id, type, target_id, board_post_id, parent_comment_id) VALUES(50, '댓글 내용 50', '2025-08-04 10:34:09', 30, 'posts', 26, 26, 2);
INSERT INTO comment(id, content, created_at, user_id, type, target_id, board_post_id, parent_comment_id) VALUES(51, '댓글 내용 51', '2025-07-21 10:34:09', 27, 'posts', 18, 18, NULL);
INSERT INTO comment(id, content, created_at, user_id, type, target_id, board_post_id, parent_comment_id) VALUES(52, '댓글 내용 52', '2025-08-13 10:34:09', 4, 'posts', 1, 1, NULL);
INSERT INTO comment(id, content, created_at, user_id, type, target_id, board_post_id, parent_comment_id) VALUES(53, '댓글 내용 53', '2025-08-19 10:34:09', 11, 'posts', 40, 40, 7);
INSERT INTO comment(id, content, created_at, user_id, type, target_id, board_post_id, parent_comment_id) VALUES(54, '댓글 내용 54', '2025-08-17 10:34:09', 30, 'posts', 21, 21, NULL);
INSERT INTO comment(id, content, created_at, user_id, type, target_id, board_post_id, parent_comment_id) VALUES(55, '댓글 내용 55', '2025-08-11 10:34:09', 15, 'posts', 24, 24, 24);
INSERT INTO comment(id, content, created_at, user_id, type, target_id, board_post_id, parent_comment_id) VALUES(56, '댓글 내용 56', '2025-08-18 10:34:09', 18, 'posts', 37, 37, 48);
INSERT INTO comment(id, content, created_at, user_id, type, target_id, board_post_id, parent_comment_id) VALUES(57, '댓글 내용 57', '2025-08-02 10:34:09', 21, 'posts', 30, 30, 13);
INSERT INTO comment(id, content, created_at, user_id, type, target_id, board_post_id, parent_comment_id) VALUES(58, '댓글 내용 58', '2025-08-02 10:34:09', 4, 'posts', 27, 27, 24);
INSERT INTO comment(id, content, created_at, user_id, type, target_id, board_post_id, parent_comment_id) VALUES(59, '댓글 내용 59', '2025-08-17 10:34:09', 2, 'posts', 8, 8, NULL);
INSERT INTO comment(id, content, created_at, user_id, type, target_id, board_post_id, parent_comment_id) VALUES(60, '댓글 내용 60', '2025-07-27 10:34:09', 37, 'posts', 6, 6, NULL);
INSERT INTO comment(id, content, created_at, user_id, type, target_id, board_post_id, parent_comment_id) VALUES(61, '댓글 내용 61', '2025-08-04 10:34:09', 40, 'posts', 37, 37, NULL);
INSERT INTO comment(id, content, created_at, user_id, type, target_id, board_post_id, parent_comment_id) VALUES(62, '댓글 내용 62', '2025-08-06 10:34:09', 13, 'posts', 37, 37, NULL);
INSERT INTO comment(id, content, created_at, user_id, type, target_id, board_post_id, parent_comment_id) VALUES(63, '댓글 내용 63', '2025-08-01 10:34:09', 24, 'posts', 24, 24, NULL);
INSERT INTO comment(id, content, created_at, user_id, type, target_id, board_post_id, parent_comment_id) VALUES(64, '댓글 내용 64', '2025-08-13 10:34:09', 40, 'posts', 18, 18, NULL);
INSERT INTO comment(id, content, created_at, user_id, type, target_id, board_post_id, parent_comment_id) VALUES(65, '댓글 내용 65', '2025-07-28 10:34:09', 6, 'posts', 28, 28, NULL);
INSERT INTO comment(id, content, created_at, user_id, type, target_id, board_post_id, parent_comment_id) VALUES(66, '댓글 내용 66', '2025-08-04 10:34:09', 41, 'posts', 30, 30, NULL);
INSERT INTO comment(id, content, created_at, user_id, type, target_id, board_post_id, parent_comment_id) VALUES(67, '댓글 내용 67', '2025-08-11 10:34:09', 30, 'posts', 28, 28, NULL);
INSERT INTO comment(id, content, created_at, user_id, type, target_id, board_post_id, parent_comment_id) VALUES(68, '댓글 내용 68', '2025-08-18 10:34:09', 36, 'posts', 14, 14, NULL);
INSERT INTO comment(id, content, created_at, user_id, type, target_id, board_post_id, parent_comment_id) VALUES(69, '댓글 내용 69', '2025-07-28 10:34:09', 33, 'posts', 3, 3, 39);
INSERT INTO comment(id, content, created_at, user_id, type, target_id, board_post_id, parent_comment_id) VALUES(70, '댓글 내용 70', '2025-08-01 10:34:09', 3, 'posts', 17, 17, 35);
INSERT INTO comment(id, content, created_at, user_id, type, target_id, board_post_id, parent_comment_id) VALUES(71, '댓글 내용 71', '2025-07-24 10:34:09', 5, 'posts', 29, 29, 40);
INSERT INTO comment(id, content, created_at, user_id, type, target_id, board_post_id, parent_comment_id) VALUES(72, '댓글 내용 72', '2025-07-23 10:34:09', 41, 'posts', 33, 33, NULL);
INSERT INTO comment(id, content, created_at, user_id, type, target_id, board_post_id, parent_comment_id) VALUES(73, '댓글 내용 73', '2025-07-29 10:34:09', 9, 'posts', 30, 30, NULL);
INSERT INTO comment(id, content, created_at, user_id, type, target_id, board_post_id, parent_comment_id) VALUES(74, '댓글 내용 74', '2025-08-17 10:34:09', 20, 'posts', 3, 3, 30);
INSERT INTO comment(id, content, created_at, user_id, type, target_id, board_post_id, parent_comment_id) VALUES(75, '댓글 내용 75', '2025-07-24 10:34:09', 33, 'posts', 29, 29, NULL);
INSERT INTO comment(id, content, created_at, user_id, type, target_id, board_post_id, parent_comment_id) VALUES(76, '댓글 내용 76', '2025-08-07 10:34:09', 22, 'posts', 21, 21, NULL);
INSERT INTO comment(id, content, created_at, user_id, type, target_id, board_post_id, parent_comment_id) VALUES(77, '댓글 내용 77', '2025-08-13 10:34:09', 2, 'posts', 12, 12, NULL);
INSERT INTO comment(id, content, created_at, user_id, type, target_id, board_post_id, parent_comment_id) VALUES(78, '댓글 내용 78', '2025-08-01 10:34:09', 18, 'posts', 20, 20, 41);
INSERT INTO comment(id, content, created_at, user_id, type, target_id, board_post_id, parent_comment_id) VALUES(79, '댓글 내용 79', '2025-08-03 10:34:09', 10, 'posts', 24, 24, NULL);
INSERT INTO comment(id, content, created_at, user_id, type, target_id, board_post_id, parent_comment_id) VALUES(80, '댓글 내용 80', '2025-08-13 10:34:09', 39, 'posts', 34, 34, NULL);
INSERT INTO com_manager(id, user_id, com_id, created_at) VALUES(1, 5, 10, '2025-07-20 10:34:09');
INSERT INTO com_manager(id, user_id, com_id, created_at) VALUES(2, 22, 6, '2025-08-08 10:34:09');
INSERT INTO com_manager(id, user_id, com_id, created_at) VALUES(3, 30, 19, '2025-08-09 10:34:09');
INSERT INTO com_manager(id, user_id, com_id, created_at) VALUES(4, 46, 15, '2025-08-10 10:34:09');
INSERT INTO com_manager(id, user_id, com_id, created_at) VALUES(5, 24, 7, '2025-07-27 10:34:09');
INSERT INTO com_manager(id, user_id, com_id, created_at) VALUES(6, 43, 2, '2025-08-06 10:34:09');
INSERT INTO com_manager(id, user_id, com_id, created_at) VALUES(7, 13, 5, '2025-08-18 10:34:09');
INSERT INTO com_manager(id, user_id, com_id, created_at) VALUES(8, 20, 5, '2025-07-24 10:34:09');
INSERT INTO com_manager(id, user_id, com_id, created_at) VALUES(9, 5, 5, '2025-07-22 10:34:09');
INSERT INTO com_manager(id, user_id, com_id, created_at) VALUES(10, 24, 1, '2025-08-11 10:34:09');
INSERT INTO com_manager(id, user_id, com_id, created_at) VALUES(11, 40, 5, '2025-08-18 10:34:09');
INSERT INTO com_manager(id, user_id, com_id, created_at) VALUES(12, 41, 15, '2025-08-17 10:34:09');
INSERT INTO com_manager(id, user_id, com_id, created_at) VALUES(13, 28, 6, '2025-07-21 10:34:09');
INSERT INTO com_manager(id, user_id, com_id, created_at) VALUES(14, 30, 17, '2025-08-13 10:34:09');
INSERT INTO com_manager(id, user_id, com_id, created_at) VALUES(15, 46, 13, '2025-08-11 10:34:09');
INSERT INTO com_manager(id, user_id, com_id, created_at) VALUES(16, 25, 11, '2025-08-03 10:34:09');
INSERT INTO com_manager(id, user_id, com_id, created_at) VALUES(17, 8, 6, '2025-08-08 10:34:09');
INSERT INTO com_manager(id, user_id, com_id, created_at) VALUES(18, 42, 3, '2025-08-13 10:34:09');
INSERT INTO com_manager(id, user_id, com_id, created_at) VALUES(19, 3, 10, '2025-08-19 10:34:09');
INSERT INTO com_manager(id, user_id, com_id, created_at) VALUES(20, 29, 5, '2025-07-20 10:34:09');
INSERT INTO com_manager(id, user_id, com_id, created_at) VALUES(21, 50, 9, '2025-08-09 10:34:09');
INSERT INTO com_manager(id, user_id, com_id, created_at) VALUES(22, 16, 19, '2025-07-20 10:34:09');
INSERT INTO com_manager(id, user_id, com_id, created_at) VALUES(23, 43, 18, '2025-07-30 10:34:09');
INSERT INTO com_manager(id, user_id, com_id, created_at) VALUES(24, 3, 20, '2025-08-02 10:34:09');
INSERT INTO com_manager(id, user_id, com_id, created_at) VALUES(25, 43, 11, '2025-07-28 10:34:09');
INSERT INTO com_manager(id, user_id, com_id, created_at) VALUES(26, 23, 5, '2025-08-13 10:34:09');
INSERT INTO com_manager(id, user_id, com_id, created_at) VALUES(27, 6, 13, '2025-08-02 10:34:09');
INSERT INTO com_manager(id, user_id, com_id, created_at) VALUES(28, 1, 9, '2025-08-08 10:34:09');
INSERT INTO com_manager(id, user_id, com_id, created_at) VALUES(29, 32, 8, '2025-07-24 10:34:09');
INSERT INTO com_manager(id, user_id, com_id, created_at) VALUES(30, 23, 11, '2025-08-02 10:34:09');
INSERT INTO com_vote(id, post_id, title, created_at, closed_at, is_completed) VALUES(1, 20, '투표 제목 1', '2025-08-08 10:34:09', '2025-08-14 10:34:09', 0);
INSERT INTO com_vote(id, post_id, title, created_at, closed_at, is_completed) VALUES(2, 31, '투표 제목 2', '2025-07-27 10:34:09', '2025-07-29 10:34:09', 0);
INSERT INTO com_vote(id, post_id, title, created_at, closed_at, is_completed) VALUES(3, 9, '투표 제목 3', '2025-08-12 10:34:09', '2025-08-13 10:34:09', 1);
INSERT INTO com_vote(id, post_id, title, created_at, closed_at, is_completed) VALUES(4, 19, '투표 제목 4', '2025-07-30 10:34:09', '2025-08-05 10:34:09', 1);
INSERT INTO com_vote(id, post_id, title, created_at, closed_at, is_completed) VALUES(5, 9, '투표 제목 5', '2025-07-30 10:34:09', '2025-07-31 10:34:09', 0);
INSERT INTO com_vote(id, post_id, title, created_at, closed_at, is_completed) VALUES(6, 18, '투표 제목 6', '2025-08-04 10:34:09', '2025-08-07 10:34:09', 1);
INSERT INTO com_vote(id, post_id, title, created_at, closed_at, is_completed) VALUES(7, 38, '투표 제목 7', '2025-07-26 10:34:09', '2025-07-31 10:34:09', 1);
INSERT INTO com_vote(id, post_id, title, created_at, closed_at, is_completed) VALUES(8, 21, '투표 제목 8', '2025-08-02 10:34:09', '2025-08-07 10:34:09', 0);
INSERT INTO com_vote(id, post_id, title, created_at, closed_at, is_completed) VALUES(9, 39, '투표 제목 9', '2025-08-13 10:34:09', '2025-08-19 10:34:09', 0);
INSERT INTO com_vote(id, post_id, title, created_at, closed_at, is_completed) VALUES(10, 37, '투표 제목 10', '2025-08-14 10:34:09', '2025-08-18 10:34:09', 1);
INSERT INTO com_vote(id, post_id, title, created_at, closed_at, is_completed) VALUES(11, 13, '투표 제목 11', '2025-08-17 10:34:09', '2025-08-22 10:34:09', 1);
INSERT INTO com_vote(id, post_id, title, created_at, closed_at, is_completed) VALUES(12, 35, '투표 제목 12', '2025-08-11 10:34:09', '2025-08-15 10:34:09', 1);
INSERT INTO com_vote(id, post_id, title, created_at, closed_at, is_completed) VALUES(13, 15, '투표 제목 13', '2025-07-28 10:34:09', '2025-08-04 10:34:09', 1);
INSERT INTO com_vote(id, post_id, title, created_at, closed_at, is_completed) VALUES(14, 17, '투표 제목 14', '2025-08-11 10:34:09', '2025-08-16 10:34:09', 0);
INSERT INTO com_vote(id, post_id, title, created_at, closed_at, is_completed) VALUES(15, 13, '투표 제목 15', '2025-08-04 10:34:09', '2025-08-10 10:34:09', 1);
INSERT INTO com_vote(id, post_id, title, created_at, closed_at, is_completed) VALUES(16, 24, '투표 제목 16', '2025-08-16 10:34:09', '2025-08-17 10:34:09', 0);
INSERT INTO com_vote(id, post_id, title, created_at, closed_at, is_completed) VALUES(17, 26, '투표 제목 17', '2025-07-22 10:34:09', '2025-07-27 10:34:09', 1);
INSERT INTO com_vote(id, post_id, title, created_at, closed_at, is_completed) VALUES(18, 26, '투표 제목 18', '2025-08-12 10:34:09', '2025-08-15 10:34:09', 1);
INSERT INTO com_vote(id, post_id, title, created_at, closed_at, is_completed) VALUES(19, 1, '투표 제목 19', '2025-08-09 10:34:09', '2025-08-14 10:34:09', 1);
INSERT INTO com_vote(id, post_id, title, created_at, closed_at, is_completed) VALUES(20, 31, '투표 제목 20', '2025-07-31 10:34:09', '2025-08-02 10:34:09', 1);
INSERT INTO com_vote(id, post_id, title, created_at, closed_at, is_completed) VALUES(21, 9, '투표 제목 21', '2025-07-21 10:34:09', '2025-07-23 10:34:09', 0);
INSERT INTO com_vote(id, post_id, title, created_at, closed_at, is_completed) VALUES(22, 5, '투표 제목 22', '2025-07-25 10:34:09', '2025-07-29 10:34:09', 1);
INSERT INTO com_vote(id, post_id, title, created_at, closed_at, is_completed) VALUES(23, 13, '투표 제목 23', '2025-07-31 10:34:09', '2025-08-02 10:34:09', 0);
INSERT INTO com_vote(id, post_id, title, created_at, closed_at, is_completed) VALUES(24, 39, '투표 제목 24', '2025-08-13 10:34:09', '2025-08-16 10:34:09', 1);
INSERT INTO com_vote(id, post_id, title, created_at, closed_at, is_completed) VALUES(25, 6, '투표 제목 25', '2025-08-11 10:34:09', '2025-08-18 10:34:09', 0);
INSERT INTO com_vote(id, post_id, title, created_at, closed_at, is_completed) VALUES(26, 5, '투표 제목 26', '2025-08-05 10:34:09', '2025-08-08 10:34:09', 0);
INSERT INTO com_vote(id, post_id, title, created_at, closed_at, is_completed) VALUES(27, 31, '투표 제목 27', '2025-08-10 10:34:09', '2025-08-14 10:34:09', 1);
INSERT INTO com_vote(id, post_id, title, created_at, closed_at, is_completed) VALUES(28, 40, '투표 제목 28', '2025-07-26 10:34:09', '2025-07-30 10:34:09', 0);
INSERT INTO com_vote(id, post_id, title, created_at, closed_at, is_completed) VALUES(29, 5, '투표 제목 29', '2025-08-13 10:34:09', '2025-08-15 10:34:09', 1);
INSERT INTO com_vote(id, post_id, title, created_at, closed_at, is_completed) VALUES(30, 30, '투표 제목 30', '2025-07-30 10:34:09', '2025-08-01 10:34:09', 0);
INSERT INTO com_vote(id, post_id, title, created_at, closed_at, is_completed) VALUES(31, 28, '투표 제목 31', '2025-07-22 10:34:09', '2025-07-25 10:34:09', 0);
INSERT INTO com_vote(id, post_id, title, created_at, closed_at, is_completed) VALUES(32, 32, '투표 제목 32', '2025-08-19 10:34:09', '2025-08-22 10:34:09', 0);
INSERT INTO com_vote(id, post_id, title, created_at, closed_at, is_completed) VALUES(33, 19, '투표 제목 33', '2025-08-17 10:34:09', '2025-08-19 10:34:09', 1);
INSERT INTO com_vote(id, post_id, title, created_at, closed_at, is_completed) VALUES(34, 29, '투표 제목 34', '2025-08-14 10:34:09', '2025-08-20 10:34:09', 0);
INSERT INTO com_vote(id, post_id, title, created_at, closed_at, is_completed) VALUES(35, 28, '투표 제목 35', '2025-07-22 10:34:09', '2025-07-26 10:34:09', 1);
INSERT INTO com_vote(id, post_id, title, created_at, closed_at, is_completed) VALUES(36, 7, '투표 제목 36', '2025-07-30 10:34:09', '2025-08-05 10:34:09', 0);
INSERT INTO com_vote(id, post_id, title, created_at, closed_at, is_completed) VALUES(37, 34, '투표 제목 37', '2025-07-22 10:34:09', '2025-07-29 10:34:09', 0);
INSERT INTO com_vote(id, post_id, title, created_at, closed_at, is_completed) VALUES(38, 37, '투표 제목 38', '2025-08-18 10:34:09', '2025-08-25 10:34:09', 1);
INSERT INTO com_vote(id, post_id, title, created_at, closed_at, is_completed) VALUES(39, 13, '투표 제목 39', '2025-08-08 10:34:09', '2025-08-14 10:34:09', 1);
INSERT INTO com_vote(id, post_id, title, created_at, closed_at, is_completed) VALUES(40, 6, '투표 제목 40', '2025-08-05 10:34:09', '2025-08-11 10:34:09', 0);
INSERT INTO com_vote_argument(id, vote_id, content) VALUES(1, 28, '투표 옵션 1');
INSERT INTO com_vote_argument(id, vote_id, content) VALUES(2, 5, '투표 옵션 2');
INSERT INTO com_vote_argument(id, vote_id, content) VALUES(3, 16, '투표 옵션 3');
INSERT INTO com_vote_argument(id, vote_id, content) VALUES(4, 10, '투표 옵션 4');
INSERT INTO com_vote_argument(id, vote_id, content) VALUES(5, 25, '투표 옵션 5');
INSERT INTO com_vote_argument(id, vote_id, content) VALUES(6, 34, '투표 옵션 6');
INSERT INTO com_vote_argument(id, vote_id, content) VALUES(7, 3, '투표 옵션 7');
INSERT INTO com_vote_argument(id, vote_id, content) VALUES(8, 30, '투표 옵션 8');
INSERT INTO com_vote_argument(id, vote_id, content) VALUES(9, 8, '투표 옵션 9');
INSERT INTO com_vote_argument(id, vote_id, content) VALUES(10, 37, '투표 옵션 10');
INSERT INTO com_vote_argument(id, vote_id, content) VALUES(11, 34, '투표 옵션 11');
INSERT INTO com_vote_argument(id, vote_id, content) VALUES(12, 17, '투표 옵션 12');
INSERT INTO com_vote_argument(id, vote_id, content) VALUES(13, 22, '투표 옵션 13');
INSERT INTO com_vote_argument(id, vote_id, content) VALUES(14, 37, '투표 옵션 14');
INSERT INTO com_vote_argument(id, vote_id, content) VALUES(15, 10, '투표 옵션 15');
INSERT INTO com_vote_argument(id, vote_id, content) VALUES(16, 39, '투표 옵션 16');
INSERT INTO com_vote_argument(id, vote_id, content) VALUES(17, 25, '투표 옵션 17');
INSERT INTO com_vote_argument(id, vote_id, content) VALUES(18, 27, '투표 옵션 18');
INSERT INTO com_vote_argument(id, vote_id, content) VALUES(19, 18, '투표 옵션 19');
INSERT INTO com_vote_argument(id, vote_id, content) VALUES(20, 30, '투표 옵션 20');
INSERT INTO com_vote_argument(id, vote_id, content) VALUES(21, 25, '투표 옵션 21');
INSERT INTO com_vote_argument(id, vote_id, content) VALUES(22, 27, '투표 옵션 22');
INSERT INTO com_vote_argument(id, vote_id, content) VALUES(23, 19, '투표 옵션 23');
INSERT INTO com_vote_argument(id, vote_id, content) VALUES(24, 13, '투표 옵션 24');
INSERT INTO com_vote_argument(id, vote_id, content) VALUES(25, 21, '투표 옵션 25');
INSERT INTO com_vote_argument(id, vote_id, content) VALUES(26, 25, '투표 옵션 26');
INSERT INTO com_vote_argument(id, vote_id, content) VALUES(27, 28, '투표 옵션 27');
INSERT INTO com_vote_argument(id, vote_id, content) VALUES(28, 1, '투표 옵션 28');
INSERT INTO com_vote_argument(id, vote_id, content) VALUES(29, 14, '투표 옵션 29');
INSERT INTO com_vote_argument(id, vote_id, content) VALUES(30, 27, '투표 옵션 30');
INSERT INTO com_vote_argument(id, vote_id, content) VALUES(31, 19, '투표 옵션 31');
INSERT INTO com_vote_argument(id, vote_id, content) VALUES(32, 11, '투표 옵션 32');
INSERT INTO com_vote_argument(id, vote_id, content) VALUES(33, 20, '투표 옵션 33');
INSERT INTO com_vote_argument(id, vote_id, content) VALUES(34, 25, '투표 옵션 34');
INSERT INTO com_vote_argument(id, vote_id, content) VALUES(35, 7, '투표 옵션 35');
INSERT INTO com_vote_argument(id, vote_id, content) VALUES(36, 6, '투표 옵션 36');
INSERT INTO com_vote_argument(id, vote_id, content) VALUES(37, 6, '투표 옵션 37');
INSERT INTO com_vote_argument(id, vote_id, content) VALUES(38, 11, '투표 옵션 38');
INSERT INTO com_vote_argument(id, vote_id, content) VALUES(39, 21, '투표 옵션 39');
INSERT INTO com_vote_argument(id, vote_id, content) VALUES(40, 26, '투표 옵션 40');
INSERT INTO com_vote_argument(id, vote_id, content) VALUES(41, 17, '투표 옵션 41');
INSERT INTO com_vote_argument(id, vote_id, content) VALUES(42, 10, '투표 옵션 42');
INSERT INTO com_vote_argument(id, vote_id, content) VALUES(43, 40, '투표 옵션 43');
INSERT INTO com_vote_argument(id, vote_id, content) VALUES(44, 40, '투표 옵션 44');
INSERT INTO com_vote_argument(id, vote_id, content) VALUES(45, 28, '투표 옵션 45');
INSERT INTO com_vote_argument(id, vote_id, content) VALUES(46, 16, '투표 옵션 46');
INSERT INTO com_vote_argument(id, vote_id, content) VALUES(47, 26, '투표 옵션 47');
INSERT INTO com_vote_argument(id, vote_id, content) VALUES(48, 7, '투표 옵션 48');
INSERT INTO com_vote_argument(id, vote_id, content) VALUES(49, 38, '투표 옵션 49');
INSERT INTO com_vote_argument(id, vote_id, content) VALUES(50, 3, '투표 옵션 50');
INSERT INTO com_vote_argument(id, vote_id, content) VALUES(51, 32, '투표 옵션 51');
INSERT INTO com_vote_argument(id, vote_id, content) VALUES(52, 19, '투표 옵션 52');
INSERT INTO com_vote_argument(id, vote_id, content) VALUES(53, 17, '투표 옵션 53');
INSERT INTO com_vote_argument(id, vote_id, content) VALUES(54, 28, '투표 옵션 54');
INSERT INTO com_vote_argument(id, vote_id, content) VALUES(55, 35, '투표 옵션 55');
INSERT INTO com_vote_argument(id, vote_id, content) VALUES(56, 31, '투표 옵션 56');
INSERT INTO com_vote_argument(id, vote_id, content) VALUES(57, 35, '투표 옵션 57');
INSERT INTO com_vote_argument(id, vote_id, content) VALUES(58, 1, '투표 옵션 58');
INSERT INTO com_vote_argument(id, vote_id, content) VALUES(59, 5, '투표 옵션 59');
INSERT INTO com_vote_argument(id, vote_id, content) VALUES(60, 32, '투표 옵션 60');
INSERT INTO com_vote_argument(id, vote_id, content) VALUES(61, 22, '투표 옵션 61');
INSERT INTO com_vote_argument(id, vote_id, content) VALUES(62, 35, '투표 옵션 62');
INSERT INTO com_vote_argument(id, vote_id, content) VALUES(63, 36, '투표 옵션 63');
INSERT INTO com_vote_argument(id, vote_id, content) VALUES(64, 24, '투표 옵션 64');
INSERT INTO com_vote_argument(id, vote_id, content) VALUES(65, 26, '투표 옵션 65');
INSERT INTO com_vote_argument(id, vote_id, content) VALUES(66, 8, '투표 옵션 66');
INSERT INTO com_vote_argument(id, vote_id, content) VALUES(67, 9, '투표 옵션 67');
INSERT INTO com_vote_argument(id, vote_id, content) VALUES(68, 30, '투표 옵션 68');
INSERT INTO com_vote_argument(id, vote_id, content) VALUES(69, 21, '투표 옵션 69');
INSERT INTO com_vote_argument(id, vote_id, content) VALUES(70, 40, '투표 옵션 70');
INSERT INTO com_vote_argument(id, vote_id, content) VALUES(71, 17, '투표 옵션 71');
INSERT INTO com_vote_argument(id, vote_id, content) VALUES(72, 38, '투표 옵션 72');
INSERT INTO com_vote_argument(id, vote_id, content) VALUES(73, 35, '투표 옵션 73');
INSERT INTO com_vote_argument(id, vote_id, content) VALUES(74, 9, '투표 옵션 74');
INSERT INTO com_vote_argument(id, vote_id, content) VALUES(75, 38, '투표 옵션 75');
INSERT INTO com_vote_argument(id, vote_id, content) VALUES(76, 35, '투표 옵션 76');
INSERT INTO com_vote_argument(id, vote_id, content) VALUES(77, 35, '투표 옵션 77');
INSERT INTO com_vote_argument(id, vote_id, content) VALUES(78, 18, '투표 옵션 78');
INSERT INTO com_vote_argument(id, vote_id, content) VALUES(79, 39, '투표 옵션 79');
INSERT INTO com_vote_argument(id, vote_id, content) VALUES(80, 1, '투표 옵션 80');
INSERT INTO com_vote_argument(id, vote_id, content) VALUES(81, 9, '투표 옵션 81');
INSERT INTO com_vote_argument(id, vote_id, content) VALUES(82, 15, '투표 옵션 82');
INSERT INTO com_vote_argument(id, vote_id, content) VALUES(83, 19, '투표 옵션 83');
INSERT INTO com_vote_argument(id, vote_id, content) VALUES(84, 28, '투표 옵션 84');
INSERT INTO com_vote_argument(id, vote_id, content) VALUES(85, 7, '투표 옵션 85');
INSERT INTO com_vote_argument(id, vote_id, content) VALUES(86, 39, '투표 옵션 86');
INSERT INTO com_vote_argument(id, vote_id, content) VALUES(87, 20, '투표 옵션 87');
INSERT INTO com_vote_argument(id, vote_id, content) VALUES(88, 27, '투표 옵션 88');
INSERT INTO com_vote_argument(id, vote_id, content) VALUES(89, 18, '투표 옵션 89');
INSERT INTO com_vote_argument(id, vote_id, content) VALUES(90, 17, '투표 옵션 90');
INSERT INTO com_vote_argument(id, vote_id, content) VALUES(91, 40, '투표 옵션 91');
INSERT INTO com_vote_argument(id, vote_id, content) VALUES(92, 1, '투표 옵션 92');
INSERT INTO com_vote_argument(id, vote_id, content) VALUES(93, 25, '투표 옵션 93');
INSERT INTO com_vote_argument(id, vote_id, content) VALUES(94, 16, '투표 옵션 94');
INSERT INTO com_vote_argument(id, vote_id, content) VALUES(95, 23, '투표 옵션 95');
INSERT INTO com_vote_argument(id, vote_id, content) VALUES(96, 39, '투표 옵션 96');
INSERT INTO com_vote_argument(id, vote_id, content) VALUES(97, 19, '투표 옵션 97');
INSERT INTO com_vote_argument(id, vote_id, content) VALUES(98, 32, '투표 옵션 98');
INSERT INTO com_vote_argument(id, vote_id, content) VALUES(99, 39, '투표 옵션 99');
INSERT INTO com_vote_argument(id, vote_id, content) VALUES(100, 31, '투표 옵션 100');
INSERT INTO com_vote_argument(id, vote_id, content) VALUES(101, 21, '투표 옵션 101');
INSERT INTO com_vote_argument(id, vote_id, content) VALUES(102, 9, '투표 옵션 102');
INSERT INTO com_vote_argument(id, vote_id, content) VALUES(103, 6, '투표 옵션 103');
INSERT INTO com_vote_argument(id, vote_id, content) VALUES(104, 26, '투표 옵션 104');
INSERT INTO com_vote_argument(id, vote_id, content) VALUES(105, 21, '투표 옵션 105');
INSERT INTO com_vote_argument(id, vote_id, content) VALUES(106, 3, '투표 옵션 106');
INSERT INTO com_vote_argument(id, vote_id, content) VALUES(107, 24, '투표 옵션 107');
INSERT INTO com_vote_argument(id, vote_id, content) VALUES(108, 1, '투표 옵션 108');
INSERT INTO com_vote_argument(id, vote_id, content) VALUES(109, 9, '투표 옵션 109');
INSERT INTO com_vote_argument(id, vote_id, content) VALUES(110, 19, '투표 옵션 110');
INSERT INTO com_vote_argument(id, vote_id, content) VALUES(111, 35, '투표 옵션 111');
INSERT INTO com_vote_argument(id, vote_id, content) VALUES(112, 1, '투표 옵션 112');
INSERT INTO com_vote_argument(id, vote_id, content) VALUES(113, 25, '투표 옵션 113');
INSERT INTO com_vote_argument(id, vote_id, content) VALUES(114, 36, '투표 옵션 114');
INSERT INTO com_vote_argument(id, vote_id, content) VALUES(115, 18, '투표 옵션 115');
INSERT INTO com_vote_argument(id, vote_id, content) VALUES(116, 34, '투표 옵션 116');
INSERT INTO com_vote_argument(id, vote_id, content) VALUES(117, 33, '투표 옵션 117');
INSERT INTO com_vote_argument(id, vote_id, content) VALUES(118, 6, '투표 옵션 118');
INSERT INTO com_vote_argument(id, vote_id, content) VALUES(119, 10, '투표 옵션 119');
INSERT INTO com_vote_argument(id, vote_id, content) VALUES(120, 16, '투표 옵션 120');
INSERT INTO vote_result(id, vote_id, arg_id, count, created_at) VALUES(1, 1, 64, 19, '2025-08-10 10:34:09');
INSERT INTO vote_result(id, vote_id, arg_id, count, created_at) VALUES(2, 33, 71, 2, '2025-07-21 10:34:09');
INSERT INTO vote_result(id, vote_id, arg_id, count, created_at) VALUES(3, 33, 38, 5, '2025-08-08 10:34:09');
INSERT INTO vote_result(id, vote_id, arg_id, count, created_at) VALUES(4, 3, 116, 2, '2025-08-02 10:34:09');
INSERT INTO vote_result(id, vote_id, arg_id, count, created_at) VALUES(5, 1, 68, 16, '2025-07-28 10:34:09');
INSERT INTO vote_result(id, vote_id, arg_id, count, created_at) VALUES(6, 8, 94, 10, '2025-08-17 10:34:09');
INSERT INTO vote_result(id, vote_id, arg_id, count, created_at) VALUES(7, 37, 5, 10, '2025-07-21 10:34:09');
INSERT INTO vote_result(id, vote_id, arg_id, count, created_at) VALUES(8, 28, 108, 10, '2025-07-25 10:34:09');
INSERT INTO vote_result(id, vote_id, arg_id, count, created_at) VALUES(9, 7, 90, 12, '2025-07-26 10:34:09');
INSERT INTO vote_result(id, vote_id, arg_id, count, created_at) VALUES(10, 26, 40, 11, '2025-07-29 10:34:09');
INSERT INTO vote_result(id, vote_id, arg_id, count, created_at) VALUES(11, 17, 120, 9, '2025-08-05 10:34:09');
INSERT INTO vote_result(id, vote_id, arg_id, count, created_at) VALUES(12, 23, 50, 3, '2025-07-24 10:34:09');
INSERT INTO vote_result(id, vote_id, arg_id, count, created_at) VALUES(13, 36, 3, 15, '2025-08-14 10:34:09');
INSERT INTO vote_result(id, vote_id, arg_id, count, created_at) VALUES(14, 20, 91, 4, '2025-08-02 10:34:09');
INSERT INTO vote_result(id, vote_id, arg_id, count, created_at) VALUES(15, 34, 37, 15, '2025-07-30 10:34:09');
INSERT INTO vote_result(id, vote_id, arg_id, count, created_at) VALUES(16, 18, 59, 10, '2025-08-05 10:34:09');
INSERT INTO vote_result(id, vote_id, arg_id, count, created_at) VALUES(17, 30, 44, 9, '2025-07-20 10:34:09');
INSERT INTO vote_result(id, vote_id, arg_id, count, created_at) VALUES(18, 1, 33, 14, '2025-07-27 10:34:09');
INSERT INTO vote_result(id, vote_id, arg_id, count, created_at) VALUES(19, 24, 31, 2, '2025-07-30 10:34:09');
INSERT INTO vote_result(id, vote_id, arg_id, count, created_at) VALUES(20, 30, 45, 19, '2025-07-22 10:34:09');
INSERT INTO vote_result(id, vote_id, arg_id, count, created_at) VALUES(21, 25, 99, 3, '2025-07-27 10:34:09');
INSERT INTO vote_result(id, vote_id, arg_id, count, created_at) VALUES(22, 32, 57, 14, '2025-08-10 10:34:09');
INSERT INTO vote_result(id, vote_id, arg_id, count, created_at) VALUES(23, 8, 12, 17, '2025-07-20 10:34:09');
INSERT INTO vote_result(id, vote_id, arg_id, count, created_at) VALUES(24, 7, 87, 9, '2025-08-11 10:34:09');
INSERT INTO vote_result(id, vote_id, arg_id, count, created_at) VALUES(25, 29, 39, 17, '2025-08-16 10:34:09');
INSERT INTO vote_result(id, vote_id, arg_id, count, created_at) VALUES(26, 16, 42, 15, '2025-07-20 10:34:09');
INSERT INTO vote_result(id, vote_id, arg_id, count, created_at) VALUES(27, 37, 106, 15, '2025-07-28 10:34:09');
INSERT INTO vote_result(id, vote_id, arg_id, count, created_at) VALUES(28, 16, 92, 1, '2025-08-07 10:34:09');
INSERT INTO vote_result(id, vote_id, arg_id, count, created_at) VALUES(29, 40, 3, 17, '2025-08-14 10:34:09');
INSERT INTO vote_result(id, vote_id, arg_id, count, created_at) VALUES(30, 16, 87, 0, '2025-08-08 10:34:09');
INSERT INTO vote_result(id, vote_id, arg_id, count, created_at) VALUES(31, 11, 22, 14, '2025-08-11 10:34:09');
INSERT INTO vote_result(id, vote_id, arg_id, count, created_at) VALUES(32, 7, 111, 8, '2025-07-31 10:34:09');
INSERT INTO vote_result(id, vote_id, arg_id, count, created_at) VALUES(33, 35, 11, 2, '2025-08-13 10:34:09');
INSERT INTO vote_result(id, vote_id, arg_id, count, created_at) VALUES(34, 17, 21, 8, '2025-08-19 10:34:09');
INSERT INTO vote_result(id, vote_id, arg_id, count, created_at) VALUES(35, 3, 54, 18, '2025-07-27 10:34:09');
INSERT INTO vote_result(id, vote_id, arg_id, count, created_at) VALUES(36, 22, 82, 20, '2025-08-01 10:34:09');
INSERT INTO vote_result(id, vote_id, arg_id, count, created_at) VALUES(37, 25, 20, 17, '2025-07-27 10:34:09');
INSERT INTO vote_result(id, vote_id, arg_id, count, created_at) VALUES(38, 19, 112, 2, '2025-08-02 10:34:09');
INSERT INTO vote_result(id, vote_id, arg_id, count, created_at) VALUES(39, 12, 47, 16, '2025-07-22 10:34:09');
INSERT INTO vote_result(id, vote_id, arg_id, count, created_at) VALUES(40, 12, 29, 6, '2025-07-24 10:34:09');
INSERT INTO vote_result(id, vote_id, arg_id, count, created_at) VALUES(41, 35, 78, 9, '2025-08-10 10:34:09');
INSERT INTO vote_result(id, vote_id, arg_id, count, created_at) VALUES(42, 14, 27, 0, '2025-07-23 10:34:09');
INSERT INTO vote_result(id, vote_id, arg_id, count, created_at) VALUES(43, 28, 95, 6, '2025-08-05 10:34:09');
INSERT INTO vote_result(id, vote_id, arg_id, count, created_at) VALUES(44, 31, 71, 15, '2025-07-26 10:34:09');
INSERT INTO vote_result(id, vote_id, arg_id, count, created_at) VALUES(45, 37, 17, 20, '2025-08-12 10:34:09');
INSERT INTO vote_result(id, vote_id, arg_id, count, created_at) VALUES(46, 13, 81, 10, '2025-08-12 10:34:09');
INSERT INTO vote_result(id, vote_id, arg_id, count, created_at) VALUES(47, 10, 101, 19, '2025-08-15 10:34:09');
INSERT INTO vote_result(id, vote_id, arg_id, count, created_at) VALUES(48, 40, 56, 6, '2025-08-16 10:34:09');
INSERT INTO vote_result(id, vote_id, arg_id, count, created_at) VALUES(49, 6, 99, 18, '2025-08-08 10:34:09');
INSERT INTO vote_result(id, vote_id, arg_id, count, created_at) VALUES(50, 29, 107, 14, '2025-07-30 10:34:09');
INSERT INTO vote_result(id, vote_id, arg_id, count, created_at) VALUES(51, 32, 18, 17, '2025-07-22 10:34:09');
INSERT INTO vote_result(id, vote_id, arg_id, count, created_at) VALUES(52, 18, 20, 12, '2025-08-04 10:34:09');
INSERT INTO vote_result(id, vote_id, arg_id, count, created_at) VALUES(53, 2, 119, 14, '2025-08-01 10:34:09');
INSERT INTO vote_result(id, vote_id, arg_id, count, created_at) VALUES(54, 3, 95, 6, '2025-07-30 10:34:09');
INSERT INTO vote_result(id, vote_id, arg_id, count, created_at) VALUES(55, 20, 93, 14, '2025-08-18 10:34:09');
INSERT INTO vote_result(id, vote_id, arg_id, count, created_at) VALUES(56, 38, 99, 4, '2025-08-08 10:34:09');
INSERT INTO vote_result(id, vote_id, arg_id, count, created_at) VALUES(57, 23, 30, 0, '2025-08-17 10:34:09');
INSERT INTO vote_result(id, vote_id, arg_id, count, created_at) VALUES(58, 13, 25, 12, '2025-08-03 10:34:09');
INSERT INTO vote_result(id, vote_id, arg_id, count, created_at) VALUES(59, 7, 67, 8, '2025-07-21 10:34:09');
INSERT INTO vote_result(id, vote_id, arg_id, count, created_at) VALUES(60, 33, 82, 7, '2025-08-05 10:34:09');
INSERT INTO vote_status(id, arg_id, user_id, created_at) VALUES(1, 31, 7, '2025-08-05 10:34:09');
INSERT INTO vote_status(id, arg_id, user_id, created_at) VALUES(2, 103, 6, '2025-08-01 10:34:09');
INSERT INTO vote_status(id, arg_id, user_id, created_at) VALUES(3, 60, 34, '2025-08-02 10:34:09');
INSERT INTO vote_status(id, arg_id, user_id, created_at) VALUES(4, 18, 14, '2025-08-03 10:34:09');
INSERT INTO vote_status(id, arg_id, user_id, created_at) VALUES(5, 7, 23, '2025-07-30 10:34:09');
INSERT INTO vote_status(id, arg_id, user_id, created_at) VALUES(6, 49, 22, '2025-08-10 10:34:09');
INSERT INTO vote_status(id, arg_id, user_id, created_at) VALUES(7, 68, 44, '2025-07-21 10:34:09');
INSERT INTO vote_status(id, arg_id, user_id, created_at) VALUES(8, 119, 38, '2025-08-08 10:34:09');
INSERT INTO vote_status(id, arg_id, user_id, created_at) VALUES(9, 18, 21, '2025-08-03 10:34:09');
INSERT INTO vote_status(id, arg_id, user_id, created_at) VALUES(10, 17, 1, '2025-08-04 10:34:09');
INSERT INTO vote_status(id, arg_id, user_id, created_at) VALUES(11, 120, 41, '2025-08-06 10:34:09');
INSERT INTO vote_status(id, arg_id, user_id, created_at) VALUES(12, 91, 35, '2025-08-09 10:34:09');
INSERT INTO vote_status(id, arg_id, user_id, created_at) VALUES(13, 48, 29, '2025-08-06 10:34:09');
INSERT INTO vote_status(id, arg_id, user_id, created_at) VALUES(14, 12, 16, '2025-07-27 10:34:09');
INSERT INTO vote_status(id, arg_id, user_id, created_at) VALUES(15, 99, 31, '2025-07-23 10:34:09');
INSERT INTO vote_status(id, arg_id, user_id, created_at) VALUES(16, 107, 35, '2025-08-10 10:34:09');
INSERT INTO vote_status(id, arg_id, user_id, created_at) VALUES(17, 56, 11, '2025-07-25 10:34:09');
INSERT INTO vote_status(id, arg_id, user_id, created_at) VALUES(18, 102, 6, '2025-07-26 10:34:09');
INSERT INTO vote_status(id, arg_id, user_id, created_at) VALUES(19, 20, 43, '2025-08-17 10:34:09');
INSERT INTO vote_status(id, arg_id, user_id, created_at) VALUES(20, 2, 15, '2025-08-14 10:34:09');
INSERT INTO vote_status(id, arg_id, user_id, created_at) VALUES(21, 98, 49, '2025-08-16 10:34:09');
INSERT INTO vote_status(id, arg_id, user_id, created_at) VALUES(22, 114, 26, '2025-08-11 10:34:09');
INSERT INTO vote_status(id, arg_id, user_id, created_at) VALUES(23, 31, 9, '2025-08-07 10:34:09');
INSERT INTO vote_status(id, arg_id, user_id, created_at) VALUES(24, 51, 13, '2025-08-12 10:34:09');
INSERT INTO vote_status(id, arg_id, user_id, created_at) VALUES(25, 56, 46, '2025-08-10 10:34:09');
INSERT INTO vote_status(id, arg_id, user_id, created_at) VALUES(26, 33, 45, '2025-08-12 10:34:09');
INSERT INTO vote_status(id, arg_id, user_id, created_at) VALUES(27, 106, 47, '2025-08-12 10:34:09');
INSERT INTO vote_status(id, arg_id, user_id, created_at) VALUES(28, 89, 38, '2025-08-12 10:34:09');
INSERT INTO vote_status(id, arg_id, user_id, created_at) VALUES(29, 7, 39, '2025-08-17 10:34:09');
INSERT INTO vote_status(id, arg_id, user_id, created_at) VALUES(30, 68, 16, '2025-08-14 10:34:09');
INSERT INTO vote_status(id, arg_id, user_id, created_at) VALUES(31, 115, 30, '2025-08-09 10:34:09');
INSERT INTO vote_status(id, arg_id, user_id, created_at) VALUES(32, 119, 9, '2025-07-23 10:34:09');
INSERT INTO vote_status(id, arg_id, user_id, created_at) VALUES(33, 35, 33, '2025-08-03 10:34:09');
INSERT INTO vote_status(id, arg_id, user_id, created_at) VALUES(34, 29, 1, '2025-08-16 10:34:09');
INSERT INTO vote_status(id, arg_id, user_id, created_at) VALUES(35, 10, 12, '2025-08-07 10:34:09');
INSERT INTO vote_status(id, arg_id, user_id, created_at) VALUES(36, 91, 19, '2025-08-07 10:34:09');
INSERT INTO vote_status(id, arg_id, user_id, created_at) VALUES(37, 91, 48, '2025-08-04 10:34:09');
INSERT INTO vote_status(id, arg_id, user_id, created_at) VALUES(38, 35, 3, '2025-07-26 10:34:09');
INSERT INTO vote_status(id, arg_id, user_id, created_at) VALUES(39, 54, 24, '2025-07-30 10:34:09');
INSERT INTO vote_status(id, arg_id, user_id, created_at) VALUES(40, 16, 14, '2025-08-06 10:34:09');
INSERT INTO vote_status(id, arg_id, user_id, created_at) VALUES(41, 50, 12, '2025-07-27 10:34:09');
INSERT INTO vote_status(id, arg_id, user_id, created_at) VALUES(42, 92, 7, '2025-08-05 10:34:09');
INSERT INTO vote_status(id, arg_id, user_id, created_at) VALUES(43, 74, 18, '2025-08-03 10:34:09');
INSERT INTO vote_status(id, arg_id, user_id, created_at) VALUES(44, 102, 31, '2025-08-07 10:34:09');
INSERT INTO vote_status(id, arg_id, user_id, created_at) VALUES(45, 80, 8, '2025-07-21 10:34:09');
INSERT INTO vote_status(id, arg_id, user_id, created_at) VALUES(46, 95, 7, '2025-07-29 10:34:09');
INSERT INTO vote_status(id, arg_id, user_id, created_at) VALUES(47, 118, 22, '2025-08-08 10:34:09');
INSERT INTO vote_status(id, arg_id, user_id, created_at) VALUES(48, 81, 19, '2025-08-11 10:34:09');
INSERT INTO vote_status(id, arg_id, user_id, created_at) VALUES(49, 115, 6, '2025-07-22 10:34:09');
INSERT INTO vote_status(id, arg_id, user_id, created_at) VALUES(50, 108, 35, '2025-07-22 10:34:09');
INSERT INTO vote_status(id, arg_id, user_id, created_at) VALUES(51, 31, 43, '2025-08-02 10:34:09');
INSERT INTO vote_status(id, arg_id, user_id, created_at) VALUES(52, 43, 49, '2025-08-14 10:34:09');
INSERT INTO vote_status(id, arg_id, user_id, created_at) VALUES(53, 36, 28, '2025-08-11 10:34:09');
INSERT INTO vote_status(id, arg_id, user_id, created_at) VALUES(54, 75, 39, '2025-08-10 10:34:09');
INSERT INTO vote_status(id, arg_id, user_id, created_at) VALUES(55, 116, 7, '2025-07-28 10:34:09');
INSERT INTO vote_status(id, arg_id, user_id, created_at) VALUES(56, 31, 10, '2025-07-23 10:34:09');
INSERT INTO vote_status(id, arg_id, user_id, created_at) VALUES(57, 83, 22, '2025-07-23 10:34:09');
INSERT INTO vote_status(id, arg_id, user_id, created_at) VALUES(58, 84, 1, '2025-08-16 10:34:09');
INSERT INTO vote_status(id, arg_id, user_id, created_at) VALUES(59, 15, 47, '2025-07-20 10:34:09');
INSERT INTO vote_status(id, arg_id, user_id, created_at) VALUES(60, 45, 17, '2025-08-11 10:34:09');
INSERT INTO vote_status(id, arg_id, user_id, created_at) VALUES(61, 74, 5, '2025-08-10 10:34:09');
INSERT INTO vote_status(id, arg_id, user_id, created_at) VALUES(62, 41, 11, '2025-08-10 10:34:09');
INSERT INTO vote_status(id, arg_id, user_id, created_at) VALUES(63, 34, 3, '2025-08-18 10:34:09');
INSERT INTO vote_status(id, arg_id, user_id, created_at) VALUES(64, 62, 24, '2025-08-16 10:34:09');
INSERT INTO vote_status(id, arg_id, user_id, created_at) VALUES(65, 19, 6, '2025-07-29 10:34:09');
INSERT INTO vote_status(id, arg_id, user_id, created_at) VALUES(66, 32, 40, '2025-08-13 10:34:09');
INSERT INTO vote_status(id, arg_id, user_id, created_at) VALUES(67, 110, 6, '2025-07-22 10:34:09');
INSERT INTO vote_status(id, arg_id, user_id, created_at) VALUES(68, 15, 40, '2025-08-06 10:34:09');
INSERT INTO vote_status(id, arg_id, user_id, created_at) VALUES(69, 89, 44, '2025-08-01 10:34:09');
INSERT INTO vote_status(id, arg_id, user_id, created_at) VALUES(70, 115, 3, '2025-07-31 10:34:09');
INSERT INTO vote_status(id, arg_id, user_id, created_at) VALUES(71, 80, 50, '2025-08-15 10:34:09');
INSERT INTO vote_status(id, arg_id, user_id, created_at) VALUES(72, 79, 8, '2025-08-15 10:34:09');
INSERT INTO vote_status(id, arg_id, user_id, created_at) VALUES(73, 12, 19, '2025-08-16 10:34:09');
INSERT INTO vote_status(id, arg_id, user_id, created_at) VALUES(74, 83, 47, '2025-07-20 10:34:09');
INSERT INTO vote_status(id, arg_id, user_id, created_at) VALUES(75, 120, 43, '2025-08-07 10:34:09');
INSERT INTO vote_status(id, arg_id, user_id, created_at) VALUES(76, 67, 8, '2025-08-18 10:34:09');
INSERT INTO vote_status(id, arg_id, user_id, created_at) VALUES(77, 35, 21, '2025-08-07 10:34:09');
INSERT INTO vote_status(id, arg_id, user_id, created_at) VALUES(78, 98, 47, '2025-08-07 10:34:09');
INSERT INTO vote_status(id, arg_id, user_id, created_at) VALUES(79, 30, 35, '2025-08-08 10:34:09');
INSERT INTO vote_status(id, arg_id, user_id, created_at) VALUES(80, 113, 3, '2025-08-18 10:34:09');
INSERT INTO vote_status(id, arg_id, user_id, created_at) VALUES(81, 118, 16, '2025-08-13 10:34:09');
INSERT INTO vote_status(id, arg_id, user_id, created_at) VALUES(82, 86, 40, '2025-08-05 10:34:09');
INSERT INTO vote_status(id, arg_id, user_id, created_at) VALUES(83, 54, 19, '2025-08-06 10:34:09');
INSERT INTO vote_status(id, arg_id, user_id, created_at) VALUES(84, 110, 25, '2025-07-30 10:34:09');
INSERT INTO vote_status(id, arg_id, user_id, created_at) VALUES(85, 43, 18, '2025-07-31 10:34:09');
INSERT INTO vote_status(id, arg_id, user_id, created_at) VALUES(86, 3, 7, '2025-07-31 10:34:09');
INSERT INTO vote_status(id, arg_id, user_id, created_at) VALUES(87, 27, 44, '2025-07-23 10:34:09');
INSERT INTO vote_status(id, arg_id, user_id, created_at) VALUES(88, 32, 42, '2025-08-09 10:34:09');
INSERT INTO vote_status(id, arg_id, user_id, created_at) VALUES(89, 27, 47, '2025-08-08 10:34:09');
INSERT INTO vote_status(id, arg_id, user_id, created_at) VALUES(90, 26, 12, '2025-07-30 10:34:09');
INSERT INTO vote_status(id, arg_id, user_id, created_at) VALUES(91, 29, 25, '2025-08-01 10:34:09');
INSERT INTO vote_status(id, arg_id, user_id, created_at) VALUES(92, 35, 10, '2025-07-29 10:34:09');
INSERT INTO vote_status(id, arg_id, user_id, created_at) VALUES(93, 78, 18, '2025-07-23 10:34:09');
INSERT INTO vote_status(id, arg_id, user_id, created_at) VALUES(94, 48, 36, '2025-08-03 10:34:09');
INSERT INTO vote_status(id, arg_id, user_id, created_at) VALUES(95, 50, 22, '2025-08-06 10:34:09');
INSERT INTO vote_status(id, arg_id, user_id, created_at) VALUES(96, 113, 36, '2025-08-15 10:34:09');
INSERT INTO vote_status(id, arg_id, user_id, created_at) VALUES(97, 97, 16, '2025-08-18 10:34:09');
INSERT INTO vote_status(id, arg_id, user_id, created_at) VALUES(98, 109, 8, '2025-07-22 10:34:09');
INSERT INTO vote_status(id, arg_id, user_id, created_at) VALUES(99, 30, 30, '2025-07-27 10:34:09');
INSERT INTO vote_status(id, arg_id, user_id, created_at) VALUES(100, 97, 9, '2025-08-10 10:34:09');
INSERT INTO likes_dislikes(id, type, user_id, is_likes, target_id, created_at) VALUES(1, 'post', 49, 0, 23, '2025-07-23 10:34:09');
INSERT INTO likes_dislikes(id, type, user_id, is_likes, target_id, created_at) VALUES(2, 'comment', 1, 1, 73, '2025-08-18 10:34:09');
INSERT INTO likes_dislikes(id, type, user_id, is_likes, target_id, created_at) VALUES(3, 'comment', 33, 0, 40, '2025-08-08 10:34:09');
INSERT INTO likes_dislikes(id, type, user_id, is_likes, target_id, created_at) VALUES(4, 'comment', 19, 0, 29, '2025-07-21 10:34:09');
INSERT INTO likes_dislikes(id, type, user_id, is_likes, target_id, created_at) VALUES(5, 'comment', 31, 0, 48, '2025-08-12 10:34:09');
INSERT INTO likes_dislikes(id, type, user_id, is_likes, target_id, created_at) VALUES(6, 'post', 7, 0, 1, '2025-08-12 10:34:09');
INSERT INTO likes_dislikes(id, type, user_id, is_likes, target_id, created_at) VALUES(7, 'comment', 17, 1, 48, '2025-08-07 10:34:09');
INSERT INTO likes_dislikes(id, type, user_id, is_likes, target_id, created_at) VALUES(8, 'comment', 12, 1, 17, '2025-08-07 10:34:09');
INSERT INTO likes_dislikes(id, type, user_id, is_likes, target_id, created_at) VALUES(9, 'comment', 10, 1, 19, '2025-08-10 10:34:09');
INSERT INTO likes_dislikes(id, type, user_id, is_likes, target_id, created_at) VALUES(10, 'comment', 48, 0, 25, '2025-08-16 10:34:09');
INSERT INTO likes_dislikes(id, type, user_id, is_likes, target_id, created_at) VALUES(11, 'post', 39, 1, 39, '2025-08-19 10:34:09');
INSERT INTO likes_dislikes(id, type, user_id, is_likes, target_id, created_at) VALUES(12, 'post', 8, 0, 39, '2025-07-25 10:34:09');
INSERT INTO likes_dislikes(id, type, user_id, is_likes, target_id, created_at) VALUES(13, 'post', 26, 1, 16, '2025-07-28 10:34:09');
INSERT INTO likes_dislikes(id, type, user_id, is_likes, target_id, created_at) VALUES(14, 'post', 7, 0, 14, '2025-07-20 10:34:09');
INSERT INTO likes_dislikes(id, type, user_id, is_likes, target_id, created_at) VALUES(15, 'comment', 44, 0, 53, '2025-07-26 10:34:09');
INSERT INTO likes_dislikes(id, type, user_id, is_likes, target_id, created_at) VALUES(16, 'comment', 7, 1, 56, '2025-08-14 10:34:09');
INSERT INTO likes_dislikes(id, type, user_id, is_likes, target_id, created_at) VALUES(17, 'post', 45, 1, 8, '2025-08-01 10:34:09');
INSERT INTO likes_dislikes(id, type, user_id, is_likes, target_id, created_at) VALUES(18, 'comment', 19, 0, 62, '2025-08-06 10:34:09');
INSERT INTO likes_dislikes(id, type, user_id, is_likes, target_id, created_at) VALUES(19, 'post', 6, 1, 32, '2025-07-23 10:34:09');
INSERT INTO likes_dislikes(id, type, user_id, is_likes, target_id, created_at) VALUES(20, 'comment', 27, 1, 1, '2025-07-23 10:34:09');
INSERT INTO likes_dislikes(id, type, user_id, is_likes, target_id, created_at) VALUES(21, 'comment', 8, 1, 79, '2025-08-03 10:34:09');
INSERT INTO likes_dislikes(id, type, user_id, is_likes, target_id, created_at) VALUES(22, 'comment', 5, 1, 34, '2025-08-07 10:34:09');
INSERT INTO likes_dislikes(id, type, user_id, is_likes, target_id, created_at) VALUES(23, 'post', 33, 0, 40, '2025-08-10 10:34:09');
INSERT INTO likes_dislikes(id, type, user_id, is_likes, target_id, created_at) VALUES(24, 'post', 41, 0, 13, '2025-07-21 10:34:09');
INSERT INTO likes_dislikes(id, type, user_id, is_likes, target_id, created_at) VALUES(25, 'comment', 3, 0, 79, '2025-08-15 10:34:09');
INSERT INTO likes_dislikes(id, type, user_id, is_likes, target_id, created_at) VALUES(26, 'comment', 18, 0, 39, '2025-07-24 10:34:09');
INSERT INTO likes_dislikes(id, type, user_id, is_likes, target_id, created_at) VALUES(27, 'comment', 31, 1, 47, '2025-07-23 10:34:09');
INSERT INTO likes_dislikes(id, type, user_id, is_likes, target_id, created_at) VALUES(28, 'post', 18, 0, 19, '2025-08-17 10:34:09');
INSERT INTO likes_dislikes(id, type, user_id, is_likes, target_id, created_at) VALUES(29, 'post', 16, 1, 5, '2025-08-15 10:34:09');
INSERT INTO likes_dislikes(id, type, user_id, is_likes, target_id, created_at) VALUES(30, 'post', 10, 1, 22, '2025-08-12 10:34:09');
INSERT INTO likes_dislikes(id, type, user_id, is_likes, target_id, created_at) VALUES(31, 'comment', 27, 0, 32, '2025-08-09 10:34:09');
INSERT INTO likes_dislikes(id, type, user_id, is_likes, target_id, created_at) VALUES(32, 'comment', 15, 1, 45, '2025-08-07 10:34:09');
INSERT INTO likes_dislikes(id, type, user_id, is_likes, target_id, created_at) VALUES(33, 'post', 43, 1, 27, '2025-07-31 10:34:09');
INSERT INTO likes_dislikes(id, type, user_id, is_likes, target_id, created_at) VALUES(34, 'comment', 33, 0, 30, '2025-08-01 10:34:09');
INSERT INTO likes_dislikes(id, type, user_id, is_likes, target_id, created_at) VALUES(35, 'comment', 21, 1, 19, '2025-08-09 10:34:09');
INSERT INTO likes_dislikes(id, type, user_id, is_likes, target_id, created_at) VALUES(36, 'post', 32, 0, 21, '2025-08-17 10:34:09');
INSERT INTO likes_dislikes(id, type, user_id, is_likes, target_id, created_at) VALUES(37, 'comment', 8, 1, 50, '2025-08-19 10:34:09');
INSERT INTO likes_dislikes(id, type, user_id, is_likes, target_id, created_at) VALUES(38, 'comment', 29, 0, 62, '2025-08-01 10:34:09');
INSERT INTO likes_dislikes(id, type, user_id, is_likes, target_id, created_at) VALUES(39, 'comment', 9, 1, 55, '2025-07-27 10:34:09');
INSERT INTO likes_dislikes(id, type, user_id, is_likes, target_id, created_at) VALUES(40, 'post', 27, 1, 35, '2025-08-12 10:34:09');
INSERT INTO likes_dislikes(id, type, user_id, is_likes, target_id, created_at) VALUES(41, 'post', 29, 0, 19, '2025-08-11 10:34:09');
INSERT INTO likes_dislikes(id, type, user_id, is_likes, target_id, created_at) VALUES(42, 'comment', 17, 1, 32, '2025-08-01 10:34:09');
INSERT INTO likes_dislikes(id, type, user_id, is_likes, target_id, created_at) VALUES(43, 'comment', 28, 0, 24, '2025-08-08 10:34:09');
INSERT INTO likes_dislikes(id, type, user_id, is_likes, target_id, created_at) VALUES(44, 'post', 36, 0, 29, '2025-08-05 10:34:09');
INSERT INTO likes_dislikes(id, type, user_id, is_likes, target_id, created_at) VALUES(45, 'post', 18, 0, 39, '2025-07-27 10:34:09');
INSERT INTO likes_dislikes(id, type, user_id, is_likes, target_id, created_at) VALUES(46, 'post', 19, 1, 23, '2025-07-31 10:34:09');
INSERT INTO likes_dislikes(id, type, user_id, is_likes, target_id, created_at) VALUES(47, 'comment', 31, 0, 43, '2025-07-31 10:34:09');
INSERT INTO likes_dislikes(id, type, user_id, is_likes, target_id, created_at) VALUES(48, 'comment', 6, 0, 36, '2025-08-03 10:34:09');
INSERT INTO likes_dislikes(id, type, user_id, is_likes, target_id, created_at) VALUES(49, 'post', 42, 1, 19, '2025-08-02 10:34:09');
INSERT INTO likes_dislikes(id, type, user_id, is_likes, target_id, created_at) VALUES(50, 'comment', 11, 1, 53, '2025-07-23 10:34:09');
INSERT INTO likes_dislikes(id, type, user_id, is_likes, target_id, created_at) VALUES(51, 'comment', 15, 0, 73, '2025-08-18 10:34:09');
INSERT INTO likes_dislikes(id, type, user_id, is_likes, target_id, created_at) VALUES(52, 'post', 24, 1, 30, '2025-08-19 10:34:09');
INSERT INTO likes_dislikes(id, type, user_id, is_likes, target_id, created_at) VALUES(53, 'comment', 50, 0, 74, '2025-08-13 10:34:09');
INSERT INTO likes_dislikes(id, type, user_id, is_likes, target_id, created_at) VALUES(54, 'post', 19, 0, 28, '2025-08-07 10:34:09');
INSERT INTO likes_dislikes(id, type, user_id, is_likes, target_id, created_at) VALUES(55, 'comment', 47, 0, 70, '2025-07-29 10:34:09');
INSERT INTO likes_dislikes(id, type, user_id, is_likes, target_id, created_at) VALUES(56, 'post', 36, 0, 31, '2025-08-17 10:34:09');
INSERT INTO likes_dislikes(id, type, user_id, is_likes, target_id, created_at) VALUES(57, 'comment', 24, 0, 78, '2025-07-28 10:34:09');
INSERT INTO likes_dislikes(id, type, user_id, is_likes, target_id, created_at) VALUES(58, 'post', 13, 1, 25, '2025-08-17 10:34:09');
INSERT INTO likes_dislikes(id, type, user_id, is_likes, target_id, created_at) VALUES(59, 'comment', 37, 0, 80, '2025-08-10 10:34:09');
INSERT INTO likes_dislikes(id, type, user_id, is_likes, target_id, created_at) VALUES(60, 'post', 17, 1, 5, '2025-08-18 10:34:09');
INSERT INTO likes_dislikes(id, type, user_id, is_likes, target_id, created_at) VALUES(61, 'post', 11, 0, 14, '2025-07-26 10:34:09');
INSERT INTO likes_dislikes(id, type, user_id, is_likes, target_id, created_at) VALUES(62, 'post', 2, 1, 7, '2025-07-30 10:34:09');
INSERT INTO likes_dislikes(id, type, user_id, is_likes, target_id, created_at) VALUES(63, 'post', 7, 1, 1, '2025-07-27 10:34:09');
INSERT INTO likes_dislikes(id, type, user_id, is_likes, target_id, created_at) VALUES(64, 'post', 9, 0, 3, '2025-07-31 10:34:09');
INSERT INTO likes_dislikes(id, type, user_id, is_likes, target_id, created_at) VALUES(65, 'post', 8, 1, 27, '2025-08-17 10:34:09');
INSERT INTO likes_dislikes(id, type, user_id, is_likes, target_id, created_at) VALUES(66, 'comment', 41, 0, 68, '2025-08-02 10:34:09');
INSERT INTO likes_dislikes(id, type, user_id, is_likes, target_id, created_at) VALUES(67, 'comment', 2, 0, 66, '2025-08-01 10:34:09');
INSERT INTO likes_dislikes(id, type, user_id, is_likes, target_id, created_at) VALUES(68, 'post', 13, 0, 38, '2025-08-13 10:34:09');
INSERT INTO likes_dislikes(id, type, user_id, is_likes, target_id, created_at) VALUES(69, 'comment', 2, 0, 11, '2025-07-25 10:34:09');
INSERT INTO likes_dislikes(id, type, user_id, is_likes, target_id, created_at) VALUES(70, 'comment', 7, 1, 74, '2025-08-08 10:34:09');
INSERT INTO likes_dislikes(id, type, user_id, is_likes, target_id, created_at) VALUES(71, 'comment', 5, 0, 31, '2025-08-09 10:34:09');
INSERT INTO likes_dislikes(id, type, user_id, is_likes, target_id, created_at) VALUES(72, 'post', 29, 0, 31, '2025-08-09 10:34:09');
INSERT INTO likes_dislikes(id, type, user_id, is_likes, target_id, created_at) VALUES(73, 'post', 7, 1, 4, '2025-08-12 10:34:09');
INSERT INTO likes_dislikes(id, type, user_id, is_likes, target_id, created_at) VALUES(74, 'comment', 45, 0, 24, '2025-07-20 10:34:09');
INSERT INTO likes_dislikes(id, type, user_id, is_likes, target_id, created_at) VALUES(75, 'post', 2, 0, 10, '2025-08-01 10:34:09');
INSERT INTO likes_dislikes(id, type, user_id, is_likes, target_id, created_at) VALUES(76, 'post', 41, 0, 29, '2025-08-07 10:34:09');
INSERT INTO likes_dislikes(id, type, user_id, is_likes, target_id, created_at) VALUES(77, 'post', 28, 0, 36, '2025-08-11 10:34:09');
INSERT INTO likes_dislikes(id, type, user_id, is_likes, target_id, created_at) VALUES(78, 'comment', 14, 1, 75, '2025-07-28 10:34:09');
INSERT INTO likes_dislikes(id, type, user_id, is_likes, target_id, created_at) VALUES(79, 'comment', 37, 1, 35, '2025-07-26 10:34:09');
INSERT INTO likes_dislikes(id, type, user_id, is_likes, target_id, created_at) VALUES(80, 'post', 25, 1, 24, '2025-08-09 10:34:09');
INSERT INTO likes_dislikes(id, type, user_id, is_likes, target_id, created_at) VALUES(81, 'post', 39, 1, 37, '2025-07-29 10:34:09');
INSERT INTO likes_dislikes(id, type, user_id, is_likes, target_id, created_at) VALUES(82, 'post', 24, 1, 5, '2025-08-09 10:34:09');
INSERT INTO likes_dislikes(id, type, user_id, is_likes, target_id, created_at) VALUES(83, 'post', 35, 0, 29, '2025-07-23 10:34:09');
INSERT INTO likes_dislikes(id, type, user_id, is_likes, target_id, created_at) VALUES(84, 'comment', 37, 0, 52, '2025-07-29 10:34:09');
INSERT INTO likes_dislikes(id, type, user_id, is_likes, target_id, created_at) VALUES(85, 'post', 49, 0, 32, '2025-08-01 10:34:09');
INSERT INTO likes_dislikes(id, type, user_id, is_likes, target_id, created_at) VALUES(86, 'post', 50, 1, 38, '2025-07-20 10:34:09');
INSERT INTO likes_dislikes(id, type, user_id, is_likes, target_id, created_at) VALUES(87, 'post', 20, 0, 37, '2025-08-12 10:34:09');
INSERT INTO likes_dislikes(id, type, user_id, is_likes, target_id, created_at) VALUES(88, 'comment', 48, 1, 60, '2025-08-12 10:34:09');
INSERT INTO likes_dislikes(id, type, user_id, is_likes, target_id, created_at) VALUES(89, 'comment', 2, 1, 19, '2025-08-13 10:34:09');
INSERT INTO likes_dislikes(id, type, user_id, is_likes, target_id, created_at) VALUES(90, 'post', 25, 1, 28, '2025-07-28 10:34:09');
INSERT INTO likes_dislikes(id, type, user_id, is_likes, target_id, created_at) VALUES(91, 'post', 8, 1, 3, '2025-08-09 10:34:09');
INSERT INTO likes_dislikes(id, type, user_id, is_likes, target_id, created_at) VALUES(92, 'comment', 4, 1, 66, '2025-08-13 10:34:09');
INSERT INTO likes_dislikes(id, type, user_id, is_likes, target_id, created_at) VALUES(93, 'post', 49, 0, 14, '2025-08-01 10:34:09');
INSERT INTO likes_dislikes(id, type, user_id, is_likes, target_id, created_at) VALUES(94, 'post', 14, 1, 34, '2025-08-07 10:34:09');
INSERT INTO likes_dislikes(id, type, user_id, is_likes, target_id, created_at) VALUES(95, 'comment', 13, 1, 49, '2025-07-22 10:34:09');
INSERT INTO likes_dislikes(id, type, user_id, is_likes, target_id, created_at) VALUES(96, 'post', 3, 0, 12, '2025-08-13 10:34:09');
INSERT INTO likes_dislikes(id, type, user_id, is_likes, target_id, created_at) VALUES(97, 'comment', 10, 1, 37, '2025-07-25 10:34:09');
INSERT INTO likes_dislikes(id, type, user_id, is_likes, target_id, created_at) VALUES(98, 'comment', 27, 0, 50, '2025-08-08 10:34:09');
INSERT INTO likes_dislikes(id, type, user_id, is_likes, target_id, created_at) VALUES(99, 'post', 39, 1, 28, '2025-08-04 10:34:09');
INSERT INTO likes_dislikes(id, type, user_id, is_likes, target_id, created_at) VALUES(100, 'post', 17, 1, 37, '2025-08-16 10:34:09');
