
INSERT INTO community_category(id, is_kor, name, created_at) VALUES(1, 1, '음악', '2025-08-27 10:45:16');
INSERT INTO community_category(id, is_kor, name, created_at) VALUES(2, 1, '영화', '2025-08-27 10:45:16');
INSERT INTO community_category(id, is_kor, name, created_at) VALUES(3, 1, '게임', '2025-08-27 10:45:16');
INSERT INTO community_category(id, is_kor, name, created_at) VALUES(4, 1, '책', '2025-08-27 10:45:16');
INSERT INTO community_category(id, is_kor, name, created_at) VALUES(5, 1, '기타', '2025-08-27 10:45:16');
INSERT INTO community(id, category_id, creator_id, name, description, created_at, track_id, intro) VALUES(1, 4, 18, '커뮤니티1', '커뮤니티 설명 1', '2025-07-29 10:45:16', '4J7aZtcc2TrCJkXY1WWebG', '인트로 1');
INSERT INTO community(id, category_id, creator_id, name, description, created_at, track_id, intro) VALUES(2, 2, 5, '커뮤니티2', '커뮤니티 설명 2', '2025-08-15 10:45:16', '48W5Lr7Mmgr2aF0SJ4MfzX', '인트로 2');
INSERT INTO community(id, category_id, creator_id, name, description, created_at, track_id, intro) VALUES(3, 2, 36, '커뮤니티3', '커뮤니티 설명 3', '2025-08-01 10:45:16', '6MEgCPsZ85jsMRswd0yPi9', '인트로 3');
INSERT INTO community(id, category_id, creator_id, name, description, created_at, track_id, intro) VALUES(4, 2, 33, '커뮤니티4', '커뮤니티 설명 4', '2025-08-09 10:45:16', '02YlAvsmptN8LisZqrWBIb', '인트로 4');
INSERT INTO community(id, category_id, creator_id, name, description, created_at, track_id, intro) VALUES(5, 4, 21, '커뮤니티5', '커뮤니티 설명 5', '2025-08-07 10:45:16', '6MEgCPsZ85jsMRswd0yPi9', '인트로 5');
INSERT INTO community(id, category_id, creator_id, name, description, created_at, track_id, intro) VALUES(6, 5, 14, '커뮤니티6', '커뮤니티 설명 6', '2025-08-01 10:45:16', '3s4nSw9yp1wdyHCmRFYvtI', '인트로 6');
INSERT INTO community(id, category_id, creator_id, name, description, created_at, track_id, intro) VALUES(7, 2, 10, '커뮤니티7', '커뮤니티 설명 7', '2025-08-06 10:45:16', '2DsrtZoRxeHdCSGRlQVQtj', '인트로 7');
INSERT INTO community(id, category_id, creator_id, name, description, created_at, track_id, intro) VALUES(8, 4, 45, '커뮤니티8', '커뮤니티 설명 8', '2025-07-30 10:45:16', '3fUfgvE2JbbvVNlfiDJzNM', '인트로 8');
INSERT INTO community(id, category_id, creator_id, name, description, created_at, track_id, intro) VALUES(9, 5, 8, '커뮤니티9', '커뮤니티 설명 9', '2025-08-01 10:45:16', '6Uj2XaahtYXK2WeD7GGwBY', '인트로 9');
INSERT INTO community(id, category_id, creator_id, name, description, created_at, track_id, intro) VALUES(10, 1, 26, '커뮤니티10', '커뮤니티 설명 10', '2025-07-29 10:45:16', '5673WA8EEUSPx1ir26lhGW', '인트로 10');
INSERT INTO community(id, category_id, creator_id, name, description, created_at, track_id, intro) VALUES(11, 1, 34, '커뮤니티11', '커뮤니티 설명 11', '2025-08-09 10:45:16', '6rZ1ZoOM1FaX3RU5FXUDlk', '인트로 11');
INSERT INTO community(id, category_id, creator_id, name, description, created_at, track_id, intro) VALUES(12, 1, 27, '커뮤니티12', '커뮤니티 설명 12', '2025-08-21 10:45:16', '0wzPHTgOtFIDhk2rD3Au4x', '인트로 12');
INSERT INTO community(id, category_id, creator_id, name, description, created_at, track_id, intro) VALUES(13, 5, 50, '커뮤니티13', '커뮤니티 설명 13', '2025-08-16 10:45:16', '3YB8sWCxfQyjevEwCrWdiU', '인트로 13');
INSERT INTO community(id, category_id, creator_id, name, description, created_at, track_id, intro) VALUES(14, 3, 2, '커뮤니티14', '커뮤니티 설명 14', '2025-08-11 10:45:16', '1gGU3FKR2pXcYpaLb4fAVn', '인트로 14');
INSERT INTO community(id, category_id, creator_id, name, description, created_at, track_id, intro) VALUES(15, 5, 31, '커뮤니티15', '커뮤니티 설명 15', '2025-08-14 10:45:16', '2xM0QbC1oPaRfxFp7uVi7h', '인트로 15');
INSERT INTO community(id, category_id, creator_id, name, description, created_at, track_id, intro) VALUES(16, 2, 28, '커뮤니티16', '커뮤니티 설명 16', '2025-08-01 10:45:16', '7ycJMzTmqClQdZsWdWxC3v', '인트로 16');
INSERT INTO community(id, category_id, creator_id, name, description, created_at, track_id, intro) VALUES(17, 2, 20, '커뮤니티17', '커뮤니티 설명 17', '2025-08-06 10:45:16', '2jTujnt0y344ai1rNOywgr', '인트로 17');
INSERT INTO community(id, category_id, creator_id, name, description, created_at, track_id, intro) VALUES(18, 2, 9, '커뮤니티18', '커뮤니티 설명 18', '2025-08-21 10:45:16', '6VpW9I9gaAHC0k20934fEb', '인트로 18');
INSERT INTO community(id, category_id, creator_id, name, description, created_at, track_id, intro) VALUES(19, 4, 24, '커뮤니티19', '커뮤니티 설명 19', '2025-08-13 10:45:16', '4gowy3WT6D1yhMLgRBlf9C', '인트로 19');
INSERT INTO community(id, category_id, creator_id, name, description, created_at, track_id, intro) VALUES(20, 3, 43, '커뮤니티20', '커뮤니티 설명 20', '2025-08-27 10:45:16', '5Psnhdkyanjpgc2P8A5TSM', '인트로 20');
INSERT INTO board_post(id, community_id, user_id, title, content, created_at, type, views, track_id, thumbnail_url) VALUES(1, 8, 31, '게시글1', '게시글 내용 1', '2025-08-22 10:45:16', NULL, 92, '0K3w6WNawZlv6Izmsrye8o', '/img/profileImg.png');
INSERT INTO board_post(id, community_id, user_id, title, content, created_at, type, views, track_id, thumbnail_url) VALUES(2, 3, 6, '게시글2', '게시글 내용 2', '2025-08-25 10:45:16', NULL, 9, '7ELPgV93FRXeOJKVljpDnL', '/img/profileImg.png');
INSERT INTO board_post(id, community_id, user_id, title, content, created_at, type, views, track_id, thumbnail_url) VALUES(3, 2, 43, '게시글3', '게시글 내용 3', '2025-08-24 10:45:16', NULL, 22, '3QXov5M0VLI3ROldfiSwj0', '/img/profileImg.png');
INSERT INTO board_post(id, community_id, user_id, title, content, created_at, type, views, track_id, thumbnail_url) VALUES(4, 9, 25, '게시글4', '게시글 내용 4', '2025-08-15 10:45:16', NULL, 100, '5oAOK7xCJD8hzp9PuxjULL', '/img/profileImg.png');
INSERT INTO board_post(id, community_id, user_id, title, content, created_at, type, views, track_id, thumbnail_url) VALUES(5, 14, 31, '게시글5', '게시글 내용 5', '2025-08-16 10:45:16', NULL, 0, '36LdTnEWBDLDDA3hEsSLvi', '/img/profileImg.png');
INSERT INTO board_post(id, community_id, user_id, title, content, created_at, type, views, track_id, thumbnail_url) VALUES(6, 13, 1, '게시글6', '게시글 내용 6', '2025-07-28 10:45:16', NULL, 96, '3Xz0rSC29WbaobyJQfeYsp', '/img/profileImg.png');
INSERT INTO board_post(id, community_id, user_id, title, content, created_at, type, views, track_id, thumbnail_url) VALUES(7, 6, 39, '게시글7', '게시글 내용 7', '2025-07-29 10:45:16', NULL, 86, '4c2xt1trwYZpMqPWY35Xi9', '/img/profileImg.png');
INSERT INTO board_post(id, community_id, user_id, title, content, created_at, type, views, track_id, thumbnail_url) VALUES(8, 11, 23, '게시글8', '게시글 내용 8', '2025-08-17 10:45:16', NULL, 12, '5R08wmXUd31d6InEtWZEKi', '/img/profileImg.png');
INSERT INTO board_post(id, community_id, user_id, title, content, created_at, type, views, track_id, thumbnail_url) VALUES(9, 17, 5, '게시글9', '게시글 내용 9', '2025-08-18 10:45:16', NULL, 35, '28JBD8p18xNuOfyV7Cotdn', '/img/profileImg.png');
INSERT INTO board_post(id, community_id, user_id, title, content, created_at, type, views, track_id, thumbnail_url) VALUES(10, 18, 8, '게시글10', '게시글 내용 10', '2025-08-04 10:45:16', NULL, 35, '7LOV1wyhrT7XjFgbz5sJ88', '/img/profileImg.png');
INSERT INTO board_post(id, community_id, user_id, title, content, created_at, type, views, track_id, thumbnail_url) VALUES(11, 8, 44, '게시글11', '게시글 내용 11', '2025-08-04 10:45:16', NULL, 5, '2vgUijXOTRMnWXDtvgMp2b', '/img/profileImg.png');
INSERT INTO board_post(id, community_id, user_id, title, content, created_at, type, views, track_id, thumbnail_url) VALUES(12, 5, 27, '게시글12', '게시글 내용 12', '2025-08-25 10:45:16', NULL, 89, '6M3PsepEj5gyJoIi7Xvr7u', '/img/profileImg.png');
INSERT INTO board_post(id, community_id, user_id, title, content, created_at, type, views, track_id, thumbnail_url) VALUES(13, 19, 9, '게시글13', '게시글 내용 13', '2025-08-21 10:45:16', NULL, 24, '4ioOuBakOUKAdSpm9E46kP', '/img/profileImg.png');
INSERT INTO board_post(id, community_id, user_id, title, content, created_at, type, views, track_id, thumbnail_url) VALUES(14, 2, 15, '게시글14', '게시글 내용 14', '2025-08-01 10:45:16', NULL, 85, '343YBumqHu19cGoGARUTsd', '/img/profileImg.png');
INSERT INTO board_post(id, community_id, user_id, title, content, created_at, type, views, track_id, thumbnail_url) VALUES(15, 9, 16, '게시글15', '게시글 내용 15', '2025-08-01 10:45:16', NULL, 15, '2vgUijXOTRMnWXDtvgMp2b', '/img/profileImg.png');
INSERT INTO board_post(id, community_id, user_id, title, content, created_at, type, views, track_id, thumbnail_url) VALUES(16, 10, 31, '게시글16', '게시글 내용 16', '2025-08-26 10:45:16', NULL, 83, '1dUHF4RyMmMTveJ0Rby6Xm', '/img/profileImg.png');
INSERT INTO board_post(id, community_id, user_id, title, content, created_at, type, views, track_id, thumbnail_url) VALUES(17, 8, 10, '게시글17', '게시글 내용 17', '2025-08-12 10:45:16', NULL, 63, '6ZprqcYFC6D9eIZaCoqrSn', '/img/profileImg.png');
INSERT INTO board_post(id, community_id, user_id, title, content, created_at, type, views, track_id, thumbnail_url) VALUES(18, 18, 35, '게시글18', '게시글 내용 18', '2025-08-23 10:45:16', NULL, 36, '0ifooM33X1iBxVYyOkSbXW', '/img/profileImg.png');
INSERT INTO board_post(id, community_id, user_id, title, content, created_at, type, views, track_id, thumbnail_url) VALUES(19, 7, 44, '게시글19', '게시글 내용 19', '2025-08-14 10:45:16', NULL, 8, '4K3BhUMfBHZuUfeC3kbhrQ', '/img/profileImg.png');
INSERT INTO board_post(id, community_id, user_id, title, content, created_at, type, views, track_id, thumbnail_url) VALUES(20, 9, 29, '게시글20', '게시글 내용 20', '2025-08-10 10:45:16', NULL, 3, '1RlcvK95g0XfRpDvFbGLUO', '/img/profileImg.png');
INSERT INTO board_post(id, community_id, user_id, title, content, created_at, type, views, track_id, thumbnail_url) VALUES(21, 20, 49, '게시글21', '게시글 내용 21', '2025-08-01 10:45:16', NULL, 94, '7rVmzyFA7f4rNGl9onF21E', '/img/profileImg.png');
INSERT INTO board_post(id, community_id, user_id, title, content, created_at, type, views, track_id, thumbnail_url) VALUES(22, 6, 40, '게시글22', '게시글 내용 22', '2025-08-23 10:45:16', NULL, 90, '21qPw0CUs61qIHogIlXWSV', '/img/profileImg.png');
INSERT INTO board_post(id, community_id, user_id, title, content, created_at, type, views, track_id, thumbnail_url) VALUES(23, 18, 4, '게시글23', '게시글 내용 23', '2025-08-12 10:45:16', NULL, 51, '2fkeWbM6iqTw7oGHTYm2lw', '/img/profileImg.png');
INSERT INTO board_post(id, community_id, user_id, title, content, created_at, type, views, track_id, thumbnail_url) VALUES(24, 1, 16, '게시글24', '게시글 내용 24', '2025-08-07 10:45:16', NULL, 10, '76yLBykniz0SSNv0jj17M2', '/img/profileImg.png');
INSERT INTO board_post(id, community_id, user_id, title, content, created_at, type, views, track_id, thumbnail_url) VALUES(25, 2, 27, '게시글25', '게시글 내용 25', '2025-08-22 10:45:16', NULL, 7, '6sJ6EoG4vyUC1tW718ww7f', '/img/profileImg.png');
INSERT INTO board_post(id, community_id, user_id, title, content, created_at, type, views, track_id, thumbnail_url) VALUES(26, 19, 9, '게시글26', '게시글 내용 26', '2025-08-26 10:45:16', NULL, 3, '6QdnKD1zwEgyOWtkrdzlOF', '/img/profileImg.png');
INSERT INTO board_post(id, community_id, user_id, title, content, created_at, type, views, track_id, thumbnail_url) VALUES(27, 16, 10, '게시글27', '게시글 내용 27', '2025-08-15 10:45:16', NULL, 70, '3dojEtzUKwDAzLyRDdi8WD', '/img/profileImg.png');
INSERT INTO board_post(id, community_id, user_id, title, content, created_at, type, views, track_id, thumbnail_url) VALUES(28, 2, 7, '게시글28', '게시글 내용 28', '2025-08-17 10:45:16', NULL, 97, '0xa4hvXeYHRRNhA7wBfUar', '/img/profileImg.png');
INSERT INTO board_post(id, community_id, user_id, title, content, created_at, type, views, track_id, thumbnail_url) VALUES(29, 10, 31, '게시글29', '게시글 내용 29', '2025-08-17 10:45:16', NULL, 49, '4h4xDpXA8Os4VG39uDxzSj', '/img/profileImg.png');
INSERT INTO board_post(id, community_id, user_id, title, content, created_at, type, views, track_id, thumbnail_url) VALUES(30, 20, 37, '게시글30', '게시글 내용 30', '2025-08-23 10:45:16', NULL, 99, '4VMRsbfZzd3SfQtaJ1Wpwi', '/img/profileImg.png');
INSERT INTO board_post(id, community_id, user_id, title, content, created_at, type, views, track_id, thumbnail_url) VALUES(31, 14, 21, '게시글31', '게시글 내용 31', '2025-08-15 10:45:16', NULL, 72, '3EJ9ZuqkL1kwgouugqsLu8', '/img/profileImg.png');
INSERT INTO board_post(id, community_id, user_id, title, content, created_at, type, views, track_id, thumbnail_url) VALUES(32, 3, 21, '게시글32', '게시글 내용 32', '2025-08-04 10:45:16', NULL, 35, '1HnhCD1u0c4dHSMazmWGyM', '/img/profileImg.png');
INSERT INTO board_post(id, community_id, user_id, title, content, created_at, type, views, track_id, thumbnail_url) VALUES(33, 19, 24, '게시글33', '게시글 내용 33', '2025-08-05 10:45:16', NULL, 30, '47vfGRaXEGzcM2vI7JC2OO', '/img/profileImg.png');
INSERT INTO board_post(id, community_id, user_id, title, content, created_at, type, views, track_id, thumbnail_url) VALUES(34, 16, 18, '게시글34', '게시글 내용 34', '2025-08-08 10:45:16', NULL, 30, '4iEeJKOE5zjsRbWBGkj9lS', '/img/profileImg.png');
INSERT INTO board_post(id, community_id, user_id, title, content, created_at, type, views, track_id, thumbnail_url) VALUES(35, 7, 5, '게시글35', '게시글 내용 35', '2025-08-13 10:45:16', NULL, 88, '7LT5HRxYa3QGKibJfdhDh6', '/img/profileImg.png');
INSERT INTO board_post(id, community_id, user_id, title, content, created_at, type, views, track_id, thumbnail_url) VALUES(36, 13, 15, '게시글36', '게시글 내용 36', '2025-08-11 10:45:16', NULL, 58, '7JXZq0JgG2zTrSOAgY8VMC', '/img/profileImg.png');
INSERT INTO board_post(id, community_id, user_id, title, content, created_at, type, views, track_id, thumbnail_url) VALUES(37, 4, 5, '게시글37', '게시글 내용 37', '2025-08-24 10:45:16', NULL, 21, '05KOgYg8PGeJyyWBPi5ja8', '/img/profileImg.png');
INSERT INTO board_post(id, community_id, user_id, title, content, created_at, type, views, track_id, thumbnail_url) VALUES(38, 20, 36, '게시글38', '게시글 내용 38', '2025-08-19 10:45:16', NULL, 66, '5kdt3O2kCcXE7mSGKaiW6V', '/img/profileImg.png');
INSERT INTO board_post(id, community_id, user_id, title, content, created_at, type, views, track_id, thumbnail_url) VALUES(39, 19, 24, '게시글39', '게시글 내용 39', '2025-08-07 10:45:16', NULL, 37, '0BsZkMfQV2hoVbAjbSanr9', '/img/profileImg.png');
INSERT INTO board_post(id, community_id, user_id, title, content, created_at, type, views, track_id, thumbnail_url) VALUES(40, 15, 22, '게시글40', '게시글 내용 40', '2025-08-17 10:45:16', NULL, 69, '0KKkJNfGyhkQ5aFogxQAPU', '/img/profileImg.png');
INSERT INTO comment(id, content, created_at, user_id, type, target_id, board_post_id, parent_comment_id) VALUES(1, '댓글 내용 1', '2025-08-17 10:45:16', 36, 'posts', 15, 15, NULL);
INSERT INTO comment(id, content, created_at, user_id, type, target_id, board_post_id, parent_comment_id) VALUES(2, '댓글 내용 2', '2025-07-28 10:45:16', 36, 'posts', 18, 18, NULL);
INSERT INTO comment(id, content, created_at, user_id, type, target_id, board_post_id, parent_comment_id) VALUES(3, '댓글 내용 3', '2025-08-15 10:45:16', 25, 'posts', 9, 9, NULL);
INSERT INTO comment(id, content, created_at, user_id, type, target_id, board_post_id, parent_comment_id) VALUES(4, '댓글 내용 4', '2025-08-14 10:45:16', 50, 'posts', 20, 20, NULL);
INSERT INTO comment(id, content, created_at, user_id, type, target_id, board_post_id, parent_comment_id) VALUES(5, '댓글 내용 5', '2025-07-29 10:45:16', 28, 'posts', 13, 13, 4);
INSERT INTO comment(id, content, created_at, user_id, type, target_id, board_post_id, parent_comment_id) VALUES(6, '댓글 내용 6', '2025-08-06 10:45:16', 10, 'posts', 23, 23, NULL);
INSERT INTO comment(id, content, created_at, user_id, type, target_id, board_post_id, parent_comment_id) VALUES(7, '댓글 내용 7', '2025-08-14 10:45:16', 45, 'posts', 5, 5, NULL);
INSERT INTO comment(id, content, created_at, user_id, type, target_id, board_post_id, parent_comment_id) VALUES(8, '댓글 내용 8', '2025-08-03 10:45:16', 34, 'posts', 31, 31, 6);
INSERT INTO comment(id, content, created_at, user_id, type, target_id, board_post_id, parent_comment_id) VALUES(9, '댓글 내용 9', '2025-07-29 10:45:16', 8, 'posts', 21, 21, NULL);
INSERT INTO comment(id, content, created_at, user_id, type, target_id, board_post_id, parent_comment_id) VALUES(10, '댓글 내용 10', '2025-08-24 10:45:16', 12, 'posts', 7, 7, NULL);
INSERT INTO comment(id, content, created_at, user_id, type, target_id, board_post_id, parent_comment_id) VALUES(11, '댓글 내용 11', '2025-08-04 10:45:16', 31, 'posts', 4, 4, 2);
INSERT INTO comment(id, content, created_at, user_id, type, target_id, board_post_id, parent_comment_id) VALUES(12, '댓글 내용 12', '2025-08-17 10:45:16', 36, 'posts', 15, 15, NULL);
INSERT INTO comment(id, content, created_at, user_id, type, target_id, board_post_id, parent_comment_id) VALUES(13, '댓글 내용 13', '2025-08-04 10:45:16', 32, 'posts', 8, 8, NULL);
INSERT INTO comment(id, content, created_at, user_id, type, target_id, board_post_id, parent_comment_id) VALUES(14, '댓글 내용 14', '2025-08-16 10:45:16', 49, 'posts', 6, 6, 13);
INSERT INTO comment(id, content, created_at, user_id, type, target_id, board_post_id, parent_comment_id) VALUES(15, '댓글 내용 15', '2025-08-24 10:45:16', 17, 'posts', 34, 34, NULL);
INSERT INTO comment(id, content, created_at, user_id, type, target_id, board_post_id, parent_comment_id) VALUES(16, '댓글 내용 16', '2025-08-10 10:45:16', 36, 'posts', 40, 40, 8);
INSERT INTO comment(id, content, created_at, user_id, type, target_id, board_post_id, parent_comment_id) VALUES(17, '댓글 내용 17', '2025-08-10 10:45:16', 20, 'posts', 27, 27, NULL);
INSERT INTO comment(id, content, created_at, user_id, type, target_id, board_post_id, parent_comment_id) VALUES(18, '댓글 내용 18', '2025-07-29 10:45:16', 43, 'posts', 32, 32, NULL);
INSERT INTO comment(id, content, created_at, user_id, type, target_id, board_post_id, parent_comment_id) VALUES(19, '댓글 내용 19', '2025-08-07 10:45:16', 22, 'posts', 23, 23, 3);
INSERT INTO comment(id, content, created_at, user_id, type, target_id, board_post_id, parent_comment_id) VALUES(20, '댓글 내용 20', '2025-08-23 10:45:16', 29, 'posts', 37, 37, 19);
INSERT INTO comment(id, content, created_at, user_id, type, target_id, board_post_id, parent_comment_id) VALUES(21, '댓글 내용 21', '2025-08-01 10:45:16', 46, 'posts', 5, 5, 6);
INSERT INTO comment(id, content, created_at, user_id, type, target_id, board_post_id, parent_comment_id) VALUES(22, '댓글 내용 22', '2025-08-12 10:45:16', 21, 'posts', 28, 28, 3);
INSERT INTO comment(id, content, created_at, user_id, type, target_id, board_post_id, parent_comment_id) VALUES(23, '댓글 내용 23', '2025-08-27 10:45:16', 48, 'posts', 31, 31, NULL);
INSERT INTO comment(id, content, created_at, user_id, type, target_id, board_post_id, parent_comment_id) VALUES(24, '댓글 내용 24', '2025-08-27 10:45:16', 46, 'posts', 4, 4, NULL);
INSERT INTO comment(id, content, created_at, user_id, type, target_id, board_post_id, parent_comment_id) VALUES(25, '댓글 내용 25', '2025-07-30 10:45:16', 2, 'posts', 23, 23, NULL);
INSERT INTO comment(id, content, created_at, user_id, type, target_id, board_post_id, parent_comment_id) VALUES(26, '댓글 내용 26', '2025-08-22 10:45:16', 23, 'posts', 25, 25, NULL);
INSERT INTO comment(id, content, created_at, user_id, type, target_id, board_post_id, parent_comment_id) VALUES(27, '댓글 내용 27', '2025-08-17 10:45:16', 7, 'posts', 37, 37, NULL);
INSERT INTO comment(id, content, created_at, user_id, type, target_id, board_post_id, parent_comment_id) VALUES(28, '댓글 내용 28', '2025-08-25 10:45:16', 2, 'posts', 36, 36, NULL);
INSERT INTO comment(id, content, created_at, user_id, type, target_id, board_post_id, parent_comment_id) VALUES(29, '댓글 내용 29', '2025-08-26 10:45:16', 47, 'posts', 18, 18, NULL);
INSERT INTO comment(id, content, created_at, user_id, type, target_id, board_post_id, parent_comment_id) VALUES(30, '댓글 내용 30', '2025-08-02 10:45:16', 24, 'posts', 26, 26, NULL);
INSERT INTO comment(id, content, created_at, user_id, type, target_id, board_post_id, parent_comment_id) VALUES(31, '댓글 내용 31', '2025-07-29 10:45:16', 37, 'posts', 36, 36, NULL);
INSERT INTO comment(id, content, created_at, user_id, type, target_id, board_post_id, parent_comment_id) VALUES(32, '댓글 내용 32', '2025-08-26 10:45:16', 44, 'posts', 31, 31, 8);
INSERT INTO comment(id, content, created_at, user_id, type, target_id, board_post_id, parent_comment_id) VALUES(33, '댓글 내용 33', '2025-08-18 10:45:16', 31, 'posts', 5, 5, NULL);
INSERT INTO comment(id, content, created_at, user_id, type, target_id, board_post_id, parent_comment_id) VALUES(34, '댓글 내용 34', '2025-08-16 10:45:16', 3, 'posts', 20, 20, NULL);
INSERT INTO comment(id, content, created_at, user_id, type, target_id, board_post_id, parent_comment_id) VALUES(35, '댓글 내용 35', '2025-08-19 10:45:16', 20, 'posts', 11, 11, NULL);
INSERT INTO comment(id, content, created_at, user_id, type, target_id, board_post_id, parent_comment_id) VALUES(36, '댓글 내용 36', '2025-08-13 10:45:16', 18, 'posts', 24, 24, 10);
INSERT INTO comment(id, content, created_at, user_id, type, target_id, board_post_id, parent_comment_id) VALUES(37, '댓글 내용 37', '2025-07-30 10:45:16', 8, 'posts', 36, 36, 8);
INSERT INTO comment(id, content, created_at, user_id, type, target_id, board_post_id, parent_comment_id) VALUES(38, '댓글 내용 38', '2025-08-16 10:45:16', 33, 'posts', 25, 25, NULL);
INSERT INTO comment(id, content, created_at, user_id, type, target_id, board_post_id, parent_comment_id) VALUES(39, '댓글 내용 39', '2025-08-13 10:45:16', 39, 'posts', 15, 15, NULL);
INSERT INTO comment(id, content, created_at, user_id, type, target_id, board_post_id, parent_comment_id) VALUES(40, '댓글 내용 40', '2025-08-23 10:45:16', 4, 'posts', 1, 1, 7);
INSERT INTO comment(id, content, created_at, user_id, type, target_id, board_post_id, parent_comment_id) VALUES(41, '댓글 내용 41', '2025-08-03 10:45:16', 23, 'posts', 2, 2, NULL);
INSERT INTO comment(id, content, created_at, user_id, type, target_id, board_post_id, parent_comment_id) VALUES(42, '댓글 내용 42', '2025-07-28 10:45:16', 39, 'posts', 27, 27, 11);
INSERT INTO comment(id, content, created_at, user_id, type, target_id, board_post_id, parent_comment_id) VALUES(43, '댓글 내용 43', '2025-08-23 10:45:16', 43, 'posts', 40, 40, 23);
INSERT INTO comment(id, content, created_at, user_id, type, target_id, board_post_id, parent_comment_id) VALUES(44, '댓글 내용 44', '2025-08-12 10:45:16', 50, 'posts', 18, 18, NULL);
INSERT INTO comment(id, content, created_at, user_id, type, target_id, board_post_id, parent_comment_id) VALUES(45, '댓글 내용 45', '2025-08-06 10:45:16', 45, 'posts', 24, 24, NULL);
INSERT INTO comment(id, content, created_at, user_id, type, target_id, board_post_id, parent_comment_id) VALUES(46, '댓글 내용 46', '2025-08-14 10:45:16', 28, 'posts', 37, 37, NULL);
INSERT INTO comment(id, content, created_at, user_id, type, target_id, board_post_id, parent_comment_id) VALUES(47, '댓글 내용 47', '2025-08-25 10:45:16', 30, 'posts', 13, 13, NULL);
INSERT INTO comment(id, content, created_at, user_id, type, target_id, board_post_id, parent_comment_id) VALUES(48, '댓글 내용 48', '2025-07-31 10:45:16', 25, 'posts', 27, 27, NULL);
INSERT INTO comment(id, content, created_at, user_id, type, target_id, board_post_id, parent_comment_id) VALUES(49, '댓글 내용 49', '2025-07-28 10:45:16', 24, 'posts', 1, 1, NULL);
INSERT INTO comment(id, content, created_at, user_id, type, target_id, board_post_id, parent_comment_id) VALUES(50, '댓글 내용 50', '2025-08-27 10:45:16', 35, 'posts', 4, 4, NULL);
INSERT INTO comment(id, content, created_at, user_id, type, target_id, board_post_id, parent_comment_id) VALUES(51, '댓글 내용 51', '2025-08-06 10:45:16', 5, 'posts', 10, 10, NULL);
INSERT INTO comment(id, content, created_at, user_id, type, target_id, board_post_id, parent_comment_id) VALUES(52, '댓글 내용 52', '2025-07-28 10:45:16', 13, 'posts', 37, 37, NULL);
INSERT INTO comment(id, content, created_at, user_id, type, target_id, board_post_id, parent_comment_id) VALUES(53, '댓글 내용 53', '2025-08-15 10:45:16', 37, 'posts', 22, 22, NULL);
INSERT INTO comment(id, content, created_at, user_id, type, target_id, board_post_id, parent_comment_id) VALUES(54, '댓글 내용 54', '2025-07-31 10:45:16', 22, 'posts', 18, 18, NULL);
INSERT INTO comment(id, content, created_at, user_id, type, target_id, board_post_id, parent_comment_id) VALUES(55, '댓글 내용 55', '2025-08-23 10:45:16', 31, 'posts', 23, 23, NULL);
INSERT INTO comment(id, content, created_at, user_id, type, target_id, board_post_id, parent_comment_id) VALUES(56, '댓글 내용 56', '2025-08-04 10:45:16', 16, 'posts', 8, 8, NULL);
INSERT INTO comment(id, content, created_at, user_id, type, target_id, board_post_id, parent_comment_id) VALUES(57, '댓글 내용 57', '2025-08-05 10:45:16', 49, 'posts', 35, 35, NULL);
INSERT INTO comment(id, content, created_at, user_id, type, target_id, board_post_id, parent_comment_id) VALUES(58, '댓글 내용 58', '2025-08-25 10:45:16', 47, 'posts', 29, 29, NULL);
INSERT INTO comment(id, content, created_at, user_id, type, target_id, board_post_id, parent_comment_id) VALUES(59, '댓글 내용 59', '2025-08-16 10:45:16', 25, 'posts', 31, 31, NULL);
INSERT INTO comment(id, content, created_at, user_id, type, target_id, board_post_id, parent_comment_id) VALUES(60, '댓글 내용 60', '2025-08-11 10:45:16', 21, 'posts', 40, 40, 3);
INSERT INTO comment(id, content, created_at, user_id, type, target_id, board_post_id, parent_comment_id) VALUES(61, '댓글 내용 61', '2025-08-27 10:45:16', 13, 'posts', 1, 1, NULL);
INSERT INTO comment(id, content, created_at, user_id, type, target_id, board_post_id, parent_comment_id) VALUES(62, '댓글 내용 62', '2025-08-19 10:45:16', 14, 'posts', 13, 13, NULL);
INSERT INTO comment(id, content, created_at, user_id, type, target_id, board_post_id, parent_comment_id) VALUES(63, '댓글 내용 63', '2025-08-23 10:45:16', 47, 'posts', 6, 6, NULL);
INSERT INTO comment(id, content, created_at, user_id, type, target_id, board_post_id, parent_comment_id) VALUES(64, '댓글 내용 64', '2025-08-16 10:45:16', 20, 'posts', 11, 11, NULL);
INSERT INTO comment(id, content, created_at, user_id, type, target_id, board_post_id, parent_comment_id) VALUES(65, '댓글 내용 65', '2025-08-05 10:45:16', 5, 'posts', 20, 20, NULL);
INSERT INTO comment(id, content, created_at, user_id, type, target_id, board_post_id, parent_comment_id) VALUES(66, '댓글 내용 66', '2025-08-23 10:45:16', 48, 'posts', 31, 31, NULL);
INSERT INTO comment(id, content, created_at, user_id, type, target_id, board_post_id, parent_comment_id) VALUES(67, '댓글 내용 67', '2025-08-01 10:45:16', 11, 'posts', 24, 24, NULL);
INSERT INTO comment(id, content, created_at, user_id, type, target_id, board_post_id, parent_comment_id) VALUES(68, '댓글 내용 68', '2025-08-24 10:45:16', 21, 'posts', 23, 23, NULL);
INSERT INTO comment(id, content, created_at, user_id, type, target_id, board_post_id, parent_comment_id) VALUES(69, '댓글 내용 69', '2025-08-19 10:45:16', 29, 'posts', 9, 9, NULL);
INSERT INTO comment(id, content, created_at, user_id, type, target_id, board_post_id, parent_comment_id) VALUES(70, '댓글 내용 70', '2025-08-26 10:45:16', 17, 'posts', 29, 29, NULL);
INSERT INTO comment(id, content, created_at, user_id, type, target_id, board_post_id, parent_comment_id) VALUES(71, '댓글 내용 71', '2025-08-02 10:45:16', 4, 'posts', 2, 2, 34);
INSERT INTO comment(id, content, created_at, user_id, type, target_id, board_post_id, parent_comment_id) VALUES(72, '댓글 내용 72', '2025-08-04 10:45:16', 2, 'posts', 40, 40, 69);
INSERT INTO comment(id, content, created_at, user_id, type, target_id, board_post_id, parent_comment_id) VALUES(73, '댓글 내용 73', '2025-08-07 10:45:16', 38, 'posts', 24, 24, 10);
INSERT INTO comment(id, content, created_at, user_id, type, target_id, board_post_id, parent_comment_id) VALUES(74, '댓글 내용 74', '2025-08-01 10:45:16', 15, 'posts', 18, 18, 27);
INSERT INTO comment(id, content, created_at, user_id, type, target_id, board_post_id, parent_comment_id) VALUES(75, '댓글 내용 75', '2025-08-25 10:45:16', 18, 'posts', 22, 22, NULL);
INSERT INTO comment(id, content, created_at, user_id, type, target_id, board_post_id, parent_comment_id) VALUES(76, '댓글 내용 76', '2025-08-19 10:45:16', 5, 'posts', 31, 31, NULL);
INSERT INTO comment(id, content, created_at, user_id, type, target_id, board_post_id, parent_comment_id) VALUES(77, '댓글 내용 77', '2025-08-23 10:45:16', 45, 'posts', 26, 26, 65);
INSERT INTO comment(id, content, created_at, user_id, type, target_id, board_post_id, parent_comment_id) VALUES(78, '댓글 내용 78', '2025-08-24 10:45:16', 13, 'posts', 36, 36, 49);
INSERT INTO comment(id, content, created_at, user_id, type, target_id, board_post_id, parent_comment_id) VALUES(79, '댓글 내용 79', '2025-08-15 10:45:16', 8, 'posts', 15, 15, NULL);
INSERT INTO comment(id, content, created_at, user_id, type, target_id, board_post_id, parent_comment_id) VALUES(80, '댓글 내용 80', '2025-08-26 10:45:16', 15, 'posts', 19, 19, NULL);
INSERT INTO com_manager(id, user_id, com_id, created_at) VALUES(1, 26, 9, '2025-08-20 10:45:16');
INSERT INTO com_manager(id, user_id, com_id, created_at) VALUES(2, 32, 14, '2025-07-28 10:45:16');
INSERT INTO com_manager(id, user_id, com_id, created_at) VALUES(3, 49, 3, '2025-08-12 10:45:16');
INSERT INTO com_manager(id, user_id, com_id, created_at) VALUES(4, 47, 14, '2025-08-16 10:45:16');
INSERT INTO com_manager(id, user_id, com_id, created_at) VALUES(5, 7, 13, '2025-08-18 10:45:16');
INSERT INTO com_manager(id, user_id, com_id, created_at) VALUES(6, 6, 8, '2025-08-20 10:45:16');
INSERT INTO com_manager(id, user_id, com_id, created_at) VALUES(7, 39, 5, '2025-08-17 10:45:16');
INSERT INTO com_manager(id, user_id, com_id, created_at) VALUES(8, 31, 6, '2025-08-10 10:45:16');
INSERT INTO com_manager(id, user_id, com_id, created_at) VALUES(9, 37, 6, '2025-08-21 10:45:16');
INSERT INTO com_manager(id, user_id, com_id, created_at) VALUES(10, 32, 8, '2025-08-26 10:45:16');
INSERT INTO com_manager(id, user_id, com_id, created_at) VALUES(11, 8, 18, '2025-08-03 10:45:16');
INSERT INTO com_manager(id, user_id, com_id, created_at) VALUES(12, 20, 19, '2025-08-24 10:45:16');
INSERT INTO com_manager(id, user_id, com_id, created_at) VALUES(13, 43, 2, '2025-08-02 10:45:16');
INSERT INTO com_manager(id, user_id, com_id, created_at) VALUES(14, 7, 9, '2025-08-15 10:45:16');
INSERT INTO com_manager(id, user_id, com_id, created_at) VALUES(15, 30, 10, '2025-08-19 10:45:16');
INSERT INTO com_manager(id, user_id, com_id, created_at) VALUES(16, 22, 19, '2025-08-10 10:45:16');
INSERT INTO com_manager(id, user_id, com_id, created_at) VALUES(17, 21, 19, '2025-08-03 10:45:16');
INSERT INTO com_manager(id, user_id, com_id, created_at) VALUES(18, 35, 12, '2025-08-03 10:45:16');
INSERT INTO com_manager(id, user_id, com_id, created_at) VALUES(19, 50, 2, '2025-08-26 10:45:16');
INSERT INTO com_manager(id, user_id, com_id, created_at) VALUES(20, 1, 3, '2025-08-18 10:45:16');
INSERT INTO com_manager(id, user_id, com_id, created_at) VALUES(21, 28, 14, '2025-08-17 10:45:16');
INSERT INTO com_manager(id, user_id, com_id, created_at) VALUES(22, 35, 16, '2025-08-22 10:45:16');
INSERT INTO com_manager(id, user_id, com_id, created_at) VALUES(23, 20, 2, '2025-08-06 10:45:16');
INSERT INTO com_manager(id, user_id, com_id, created_at) VALUES(24, 28, 6, '2025-08-18 10:45:16');
INSERT INTO com_manager(id, user_id, com_id, created_at) VALUES(25, 7, 1, '2025-08-22 10:45:16');
INSERT INTO com_manager(id, user_id, com_id, created_at) VALUES(26, 15, 12, '2025-08-27 10:45:16');
INSERT INTO com_manager(id, user_id, com_id, created_at) VALUES(27, 19, 8, '2025-07-29 10:45:16');
INSERT INTO com_manager(id, user_id, com_id, created_at) VALUES(28, 32, 14, '2025-07-30 10:45:16');
INSERT INTO com_manager(id, user_id, com_id, created_at) VALUES(29, 38, 18, '2025-08-06 10:45:16');
INSERT INTO com_manager(id, user_id, com_id, created_at) VALUES(30, 25, 12, '2025-08-09 10:45:16');
INSERT INTO com_vote(id, post_id, title, created_at, closed_at, is_completed) VALUES(1, 32, '투표 제목 1', '2025-08-01 10:45:16', '2025-08-08 10:45:16', 0);
INSERT INTO com_vote(id, post_id, title, created_at, closed_at, is_completed) VALUES(2, 17, '투표 제목 2', '2025-08-06 10:45:16', '2025-08-12 10:45:16', 0);
INSERT INTO com_vote(id, post_id, title, created_at, closed_at, is_completed) VALUES(3, 19, '투표 제목 3', '2025-08-16 10:45:16', '2025-08-20 10:45:16', 0);
INSERT INTO com_vote(id, post_id, title, created_at, closed_at, is_completed) VALUES(4, 23, '투표 제목 4', '2025-08-20 10:45:16', '2025-08-27 10:45:16', 0);
INSERT INTO com_vote(id, post_id, title, created_at, closed_at, is_completed) VALUES(5, 13, '투표 제목 5', '2025-07-29 10:45:16', '2025-08-04 10:45:16', 1);
INSERT INTO com_vote(id, post_id, title, created_at, closed_at, is_completed) VALUES(6, 7, '투표 제목 6', '2025-08-27 10:45:16', '2025-08-29 10:45:16', 0);
INSERT INTO com_vote(id, post_id, title, created_at, closed_at, is_completed) VALUES(7, 2, '투표 제목 7', '2025-08-09 10:45:16', '2025-08-11 10:45:16', 0);
INSERT INTO com_vote(id, post_id, title, created_at, closed_at, is_completed) VALUES(8, 36, '투표 제목 8', '2025-08-08 10:45:16', '2025-08-09 10:45:16', 0);
INSERT INTO com_vote(id, post_id, title, created_at, closed_at, is_completed) VALUES(9, 35, '투표 제목 9', '2025-08-20 10:45:16', '2025-08-24 10:45:16', 1);
INSERT INTO com_vote(id, post_id, title, created_at, closed_at, is_completed) VALUES(10, 35, '투표 제목 10', '2025-08-01 10:45:16', '2025-08-02 10:45:16', 0);
INSERT INTO com_vote(id, post_id, title, created_at, closed_at, is_completed) VALUES(11, 34, '투표 제목 11', '2025-08-04 10:45:16', '2025-08-11 10:45:16', 1);
INSERT INTO com_vote(id, post_id, title, created_at, closed_at, is_completed) VALUES(12, 17, '투표 제목 12', '2025-08-09 10:45:16', '2025-08-10 10:45:16', 0);
INSERT INTO com_vote(id, post_id, title, created_at, closed_at, is_completed) VALUES(13, 24, '투표 제목 13', '2025-08-12 10:45:16', '2025-08-18 10:45:16', 1);
INSERT INTO com_vote(id, post_id, title, created_at, closed_at, is_completed) VALUES(14, 13, '투표 제목 14', '2025-08-13 10:45:16', '2025-08-17 10:45:16', 1);
INSERT INTO com_vote(id, post_id, title, created_at, closed_at, is_completed) VALUES(15, 14, '투표 제목 15', '2025-08-24 10:45:16', '2025-08-27 10:45:16', 0);
INSERT INTO com_vote(id, post_id, title, created_at, closed_at, is_completed) VALUES(16, 8, '투표 제목 16', '2025-08-20 10:45:16', '2025-08-23 10:45:16', 0);
INSERT INTO com_vote(id, post_id, title, created_at, closed_at, is_completed) VALUES(17, 16, '투표 제목 17', '2025-08-22 10:45:16', '2025-08-28 10:45:16', 0);
INSERT INTO com_vote(id, post_id, title, created_at, closed_at, is_completed) VALUES(18, 32, '투표 제목 18', '2025-08-08 10:45:16', '2025-08-13 10:45:16', 0);
INSERT INTO com_vote(id, post_id, title, created_at, closed_at, is_completed) VALUES(19, 37, '투표 제목 19', '2025-08-14 10:45:16', '2025-08-19 10:45:16', 1);
INSERT INTO com_vote(id, post_id, title, created_at, closed_at, is_completed) VALUES(20, 1, '투표 제목 20', '2025-08-12 10:45:16', '2025-08-13 10:45:16', 1);
INSERT INTO com_vote(id, post_id, title, created_at, closed_at, is_completed) VALUES(21, 15, '투표 제목 21', '2025-08-16 10:45:16', '2025-08-17 10:45:16', 0);
INSERT INTO com_vote(id, post_id, title, created_at, closed_at, is_completed) VALUES(22, 13, '투표 제목 22', '2025-08-16 10:45:16', '2025-08-18 10:45:16', 0);
INSERT INTO com_vote(id, post_id, title, created_at, closed_at, is_completed) VALUES(23, 19, '투표 제목 23', '2025-08-07 10:45:16', '2025-08-10 10:45:16', 1);
INSERT INTO com_vote(id, post_id, title, created_at, closed_at, is_completed) VALUES(24, 6, '투표 제목 24', '2025-07-30 10:45:16', '2025-08-03 10:45:16', 1);
INSERT INTO com_vote(id, post_id, title, created_at, closed_at, is_completed) VALUES(25, 1, '투표 제목 25', '2025-08-18 10:45:16', '2025-08-20 10:45:16', 1);
INSERT INTO com_vote(id, post_id, title, created_at, closed_at, is_completed) VALUES(26, 30, '투표 제목 26', '2025-08-25 10:45:16', '2025-08-31 10:45:16', 0);
INSERT INTO com_vote(id, post_id, title, created_at, closed_at, is_completed) VALUES(27, 26, '투표 제목 27', '2025-08-16 10:45:16', '2025-08-17 10:45:16', 0);
INSERT INTO com_vote(id, post_id, title, created_at, closed_at, is_completed) VALUES(28, 27, '투표 제목 28', '2025-08-22 10:45:16', '2025-08-25 10:45:16', 0);
INSERT INTO com_vote(id, post_id, title, created_at, closed_at, is_completed) VALUES(29, 4, '투표 제목 29', '2025-08-08 10:45:16', '2025-08-09 10:45:16', 1);
INSERT INTO com_vote(id, post_id, title, created_at, closed_at, is_completed) VALUES(30, 40, '투표 제목 30', '2025-08-07 10:45:16', '2025-08-14 10:45:16', 0);
INSERT INTO com_vote(id, post_id, title, created_at, closed_at, is_completed) VALUES(31, 22, '투표 제목 31', '2025-07-29 10:45:16', '2025-07-31 10:45:16', 0);
INSERT INTO com_vote(id, post_id, title, created_at, closed_at, is_completed) VALUES(32, 11, '투표 제목 32', '2025-08-10 10:45:16', '2025-08-15 10:45:16', 1);
INSERT INTO com_vote(id, post_id, title, created_at, closed_at, is_completed) VALUES(33, 11, '투표 제목 33', '2025-08-06 10:45:16', '2025-08-08 10:45:16', 1);
INSERT INTO com_vote(id, post_id, title, created_at, closed_at, is_completed) VALUES(34, 2, '투표 제목 34', '2025-08-17 10:45:16', '2025-08-18 10:45:16', 0);
INSERT INTO com_vote(id, post_id, title, created_at, closed_at, is_completed) VALUES(35, 26, '투표 제목 35', '2025-08-08 10:45:16', '2025-08-15 10:45:16', 1);
INSERT INTO com_vote(id, post_id, title, created_at, closed_at, is_completed) VALUES(36, 20, '투표 제목 36', '2025-08-01 10:45:16', '2025-08-06 10:45:16', 0);
INSERT INTO com_vote(id, post_id, title, created_at, closed_at, is_completed) VALUES(37, 18, '투표 제목 37', '2025-08-22 10:45:16', '2025-08-26 10:45:16', 0);
INSERT INTO com_vote(id, post_id, title, created_at, closed_at, is_completed) VALUES(38, 5, '투표 제목 38', '2025-08-14 10:45:16', '2025-08-20 10:45:16', 0);
INSERT INTO com_vote(id, post_id, title, created_at, closed_at, is_completed) VALUES(39, 32, '투표 제목 39', '2025-08-20 10:45:16', '2025-08-25 10:45:16', 1);
INSERT INTO com_vote(id, post_id, title, created_at, closed_at, is_completed) VALUES(40, 27, '투표 제목 40', '2025-08-08 10:45:16', '2025-08-14 10:45:16', 0);
INSERT INTO com_vote_argument(id, vote_id, content, arg_no) VALUES(1, 34, '투표 옵션 1', 4);
INSERT INTO com_vote_argument(id, vote_id, content, arg_no) VALUES(2, 38, '투표 옵션 2', 4);
INSERT INTO com_vote_argument(id, vote_id, content, arg_no) VALUES(3, 27, '투표 옵션 3', 3);
INSERT INTO com_vote_argument(id, vote_id, content, arg_no) VALUES(4, 34, '투표 옵션 4', 5);
INSERT INTO com_vote_argument(id, vote_id, content, arg_no) VALUES(5, 16, '투표 옵션 5', 2);
INSERT INTO com_vote_argument(id, vote_id, content, arg_no) VALUES(6, 35, '투표 옵션 6', 4);
INSERT INTO com_vote_argument(id, vote_id, content, arg_no) VALUES(7, 30, '투표 옵션 7', 4);
INSERT INTO com_vote_argument(id, vote_id, content, arg_no) VALUES(8, 23, '투표 옵션 8', 3);
INSERT INTO com_vote_argument(id, vote_id, content, arg_no) VALUES(9, 39, '투표 옵션 9', 1);
INSERT INTO com_vote_argument(id, vote_id, content, arg_no) VALUES(10, 35, '투표 옵션 10', 5);
INSERT INTO com_vote_argument(id, vote_id, content, arg_no) VALUES(11, 10, '투표 옵션 11', 1);
INSERT INTO com_vote_argument(id, vote_id, content, arg_no) VALUES(12, 3, '투표 옵션 12', 5);
INSERT INTO com_vote_argument(id, vote_id, content, arg_no) VALUES(13, 7, '투표 옵션 13', 5);
INSERT INTO com_vote_argument(id, vote_id, content, arg_no) VALUES(14, 39, '투표 옵션 14', 5);
INSERT INTO com_vote_argument(id, vote_id, content, arg_no) VALUES(15, 16, '투표 옵션 15', 2);
INSERT INTO com_vote_argument(id, vote_id, content, arg_no) VALUES(16, 14, '투표 옵션 16', 1);
INSERT INTO com_vote_argument(id, vote_id, content, arg_no) VALUES(17, 24, '투표 옵션 17', 4);
INSERT INTO com_vote_argument(id, vote_id, content, arg_no) VALUES(18, 35, '투표 옵션 18', 2);
INSERT INTO com_vote_argument(id, vote_id, content, arg_no) VALUES(19, 13, '투표 옵션 19', 3);
INSERT INTO com_vote_argument(id, vote_id, content, arg_no) VALUES(20, 25, '투표 옵션 20', 1);
INSERT INTO com_vote_argument(id, vote_id, content, arg_no) VALUES(21, 17, '투표 옵션 21', 1);
INSERT INTO com_vote_argument(id, vote_id, content, arg_no) VALUES(22, 2, '투표 옵션 22', 4);
INSERT INTO com_vote_argument(id, vote_id, content, arg_no) VALUES(23, 37, '투표 옵션 23', 3);
INSERT INTO com_vote_argument(id, vote_id, content, arg_no) VALUES(24, 5, '투표 옵션 24', 1);
INSERT INTO com_vote_argument(id, vote_id, content, arg_no) VALUES(25, 35, '투표 옵션 25', 5);
INSERT INTO com_vote_argument(id, vote_id, content, arg_no) VALUES(26, 20, '투표 옵션 26', 5);
INSERT INTO com_vote_argument(id, vote_id, content, arg_no) VALUES(27, 35, '투표 옵션 27', 3);
INSERT INTO com_vote_argument(id, vote_id, content, arg_no) VALUES(28, 3, '투표 옵션 28', 5);
INSERT INTO com_vote_argument(id, vote_id, content, arg_no) VALUES(29, 35, '투표 옵션 29', 1);
INSERT INTO com_vote_argument(id, vote_id, content, arg_no) VALUES(30, 11, '투표 옵션 30', 4);
INSERT INTO com_vote_argument(id, vote_id, content, arg_no) VALUES(31, 11, '투표 옵션 31', 2);
INSERT INTO com_vote_argument(id, vote_id, content, arg_no) VALUES(32, 36, '투표 옵션 32', 5);
INSERT INTO com_vote_argument(id, vote_id, content, arg_no) VALUES(33, 10, '투표 옵션 33', 4);
INSERT INTO com_vote_argument(id, vote_id, content, arg_no) VALUES(34, 2, '투표 옵션 34', 2);
INSERT INTO com_vote_argument(id, vote_id, content, arg_no) VALUES(35, 15, '투표 옵션 35', 2);
INSERT INTO com_vote_argument(id, vote_id, content, arg_no) VALUES(36, 2, '투표 옵션 36', 1);
INSERT INTO com_vote_argument(id, vote_id, content, arg_no) VALUES(37, 19, '투표 옵션 37', 4);
INSERT INTO com_vote_argument(id, vote_id, content, arg_no) VALUES(38, 17, '투표 옵션 38', 2);
INSERT INTO com_vote_argument(id, vote_id, content, arg_no) VALUES(39, 1, '투표 옵션 39', 4);
INSERT INTO com_vote_argument(id, vote_id, content, arg_no) VALUES(40, 10, '투표 옵션 40', 4);
INSERT INTO com_vote_argument(id, vote_id, content, arg_no) VALUES(41, 3, '투표 옵션 41', 4);
INSERT INTO com_vote_argument(id, vote_id, content, arg_no) VALUES(42, 11, '투표 옵션 42', 3);
INSERT INTO com_vote_argument(id, vote_id, content, arg_no) VALUES(43, 33, '투표 옵션 43', 4);
INSERT INTO com_vote_argument(id, vote_id, content, arg_no) VALUES(44, 3, '투표 옵션 44', 3);
INSERT INTO com_vote_argument(id, vote_id, content, arg_no) VALUES(45, 38, '투표 옵션 45', 5);
INSERT INTO com_vote_argument(id, vote_id, content, arg_no) VALUES(46, 33, '투표 옵션 46', 5);
INSERT INTO com_vote_argument(id, vote_id, content, arg_no) VALUES(47, 21, '투표 옵션 47', 5);
INSERT INTO com_vote_argument(id, vote_id, content, arg_no) VALUES(48, 38, '투표 옵션 48', 5);
INSERT INTO com_vote_argument(id, vote_id, content, arg_no) VALUES(49, 33, '투표 옵션 49', 4);
INSERT INTO com_vote_argument(id, vote_id, content, arg_no) VALUES(50, 25, '투표 옵션 50', 1);
INSERT INTO com_vote_argument(id, vote_id, content, arg_no) VALUES(51, 6, '투표 옵션 51', 4);
INSERT INTO com_vote_argument(id, vote_id, content, arg_no) VALUES(52, 22, '투표 옵션 52', 2);
INSERT INTO com_vote_argument(id, vote_id, content, arg_no) VALUES(53, 20, '투표 옵션 53', 1);
INSERT INTO com_vote_argument(id, vote_id, content, arg_no) VALUES(54, 17, '투표 옵션 54', 5);
INSERT INTO com_vote_argument(id, vote_id, content, arg_no) VALUES(55, 2, '투표 옵션 55', 3);
INSERT INTO com_vote_argument(id, vote_id, content, arg_no) VALUES(56, 7, '투표 옵션 56', 1);
INSERT INTO com_vote_argument(id, vote_id, content, arg_no) VALUES(57, 19, '투표 옵션 57', 2);
INSERT INTO com_vote_argument(id, vote_id, content, arg_no) VALUES(58, 22, '투표 옵션 58', 5);
INSERT INTO com_vote_argument(id, vote_id, content, arg_no) VALUES(59, 17, '투표 옵션 59', 2);
INSERT INTO com_vote_argument(id, vote_id, content, arg_no) VALUES(60, 12, '투표 옵션 60', 5);
INSERT INTO com_vote_argument(id, vote_id, content, arg_no) VALUES(61, 9, '투표 옵션 61', 3);
INSERT INTO com_vote_argument(id, vote_id, content, arg_no) VALUES(62, 2, '투표 옵션 62', 5);
INSERT INTO com_vote_argument(id, vote_id, content, arg_no) VALUES(63, 10, '투표 옵션 63', 5);
INSERT INTO com_vote_argument(id, vote_id, content, arg_no) VALUES(64, 24, '투표 옵션 64', 3);
INSERT INTO com_vote_argument(id, vote_id, content, arg_no) VALUES(65, 38, '투표 옵션 65', 3);
INSERT INTO com_vote_argument(id, vote_id, content, arg_no) VALUES(66, 24, '투표 옵션 66', 2);
INSERT INTO com_vote_argument(id, vote_id, content, arg_no) VALUES(67, 36, '투표 옵션 67', 1);
INSERT INTO com_vote_argument(id, vote_id, content, arg_no) VALUES(68, 1, '투표 옵션 68', 5);
INSERT INTO com_vote_argument(id, vote_id, content, arg_no) VALUES(69, 3, '투표 옵션 69', 2);
INSERT INTO com_vote_argument(id, vote_id, content, arg_no) VALUES(70, 36, '투표 옵션 70', 1);
INSERT INTO com_vote_argument(id, vote_id, content, arg_no) VALUES(71, 17, '투표 옵션 71', 3);
INSERT INTO com_vote_argument(id, vote_id, content, arg_no) VALUES(72, 39, '투표 옵션 72', 2);
INSERT INTO com_vote_argument(id, vote_id, content, arg_no) VALUES(73, 16, '투표 옵션 73', 2);
INSERT INTO com_vote_argument(id, vote_id, content, arg_no) VALUES(74, 21, '투표 옵션 74', 2);
INSERT INTO com_vote_argument(id, vote_id, content, arg_no) VALUES(75, 16, '투표 옵션 75', 1);
INSERT INTO com_vote_argument(id, vote_id, content, arg_no) VALUES(76, 34, '투표 옵션 76', 4);
INSERT INTO com_vote_argument(id, vote_id, content, arg_no) VALUES(77, 16, '투표 옵션 77', 2);
INSERT INTO com_vote_argument(id, vote_id, content, arg_no) VALUES(78, 9, '투표 옵션 78', 3);
INSERT INTO com_vote_argument(id, vote_id, content, arg_no) VALUES(79, 14, '투표 옵션 79', 4);
INSERT INTO com_vote_argument(id, vote_id, content, arg_no) VALUES(80, 27, '투표 옵션 80', 1);
INSERT INTO com_vote_argument(id, vote_id, content, arg_no) VALUES(81, 31, '투표 옵션 81', 2);
INSERT INTO com_vote_argument(id, vote_id, content, arg_no) VALUES(82, 36, '투표 옵션 82', 3);
INSERT INTO com_vote_argument(id, vote_id, content, arg_no) VALUES(83, 7, '투표 옵션 83', 4);
INSERT INTO com_vote_argument(id, vote_id, content, arg_no) VALUES(84, 1, '투표 옵션 84', 4);
INSERT INTO com_vote_argument(id, vote_id, content, arg_no) VALUES(85, 28, '투표 옵션 85', 5);
INSERT INTO com_vote_argument(id, vote_id, content, arg_no) VALUES(86, 30, '투표 옵션 86', 3);
INSERT INTO com_vote_argument(id, vote_id, content, arg_no) VALUES(87, 13, '투표 옵션 87', 3);
INSERT INTO com_vote_argument(id, vote_id, content, arg_no) VALUES(88, 5, '투표 옵션 88', 3);
INSERT INTO com_vote_argument(id, vote_id, content, arg_no) VALUES(89, 26, '투표 옵션 89', 4);
INSERT INTO com_vote_argument(id, vote_id, content, arg_no) VALUES(90, 4, '투표 옵션 90', 3);
INSERT INTO com_vote_argument(id, vote_id, content, arg_no) VALUES(91, 19, '투표 옵션 91', 5);
INSERT INTO com_vote_argument(id, vote_id, content, arg_no) VALUES(92, 16, '투표 옵션 92', 3);
INSERT INTO com_vote_argument(id, vote_id, content, arg_no) VALUES(93, 20, '투표 옵션 93', 1);
INSERT INTO com_vote_argument(id, vote_id, content, arg_no) VALUES(94, 1, '투표 옵션 94', 2);
INSERT INTO com_vote_argument(id, vote_id, content, arg_no) VALUES(95, 8, '투표 옵션 95', 5);
INSERT INTO com_vote_argument(id, vote_id, content, arg_no) VALUES(96, 18, '투표 옵션 96', 5);
INSERT INTO com_vote_argument(id, vote_id, content, arg_no) VALUES(97, 11, '투표 옵션 97', 2);
INSERT INTO com_vote_argument(id, vote_id, content, arg_no) VALUES(98, 25, '투표 옵션 98', 4);
INSERT INTO com_vote_argument(id, vote_id, content, arg_no) VALUES(99, 34, '투표 옵션 99', 2);
INSERT INTO com_vote_argument(id, vote_id, content, arg_no) VALUES(100, 22, '투표 옵션 100', 4);
INSERT INTO com_vote_argument(id, vote_id, content, arg_no) VALUES(101, 4, '투표 옵션 101', 5);
INSERT INTO com_vote_argument(id, vote_id, content, arg_no) VALUES(102, 20, '투표 옵션 102', 1);
INSERT INTO com_vote_argument(id, vote_id, content, arg_no) VALUES(103, 6, '투표 옵션 103', 2);
INSERT INTO com_vote_argument(id, vote_id, content, arg_no) VALUES(104, 36, '투표 옵션 104', 2);
INSERT INTO com_vote_argument(id, vote_id, content, arg_no) VALUES(105, 30, '투표 옵션 105', 3);
INSERT INTO com_vote_argument(id, vote_id, content, arg_no) VALUES(106, 14, '투표 옵션 106', 5);
INSERT INTO com_vote_argument(id, vote_id, content, arg_no) VALUES(107, 25, '투표 옵션 107', 4);
INSERT INTO com_vote_argument(id, vote_id, content, arg_no) VALUES(108, 23, '투표 옵션 108', 3);
INSERT INTO com_vote_argument(id, vote_id, content, arg_no) VALUES(109, 22, '투표 옵션 109', 5);
INSERT INTO com_vote_argument(id, vote_id, content, arg_no) VALUES(110, 39, '투표 옵션 110', 4);
INSERT INTO com_vote_argument(id, vote_id, content, arg_no) VALUES(111, 19, '투표 옵션 111', 3);
INSERT INTO com_vote_argument(id, vote_id, content, arg_no) VALUES(112, 26, '투표 옵션 112', 3);
INSERT INTO com_vote_argument(id, vote_id, content, arg_no) VALUES(113, 15, '투표 옵션 113', 5);
INSERT INTO com_vote_argument(id, vote_id, content, arg_no) VALUES(114, 8, '투표 옵션 114', 1);
INSERT INTO com_vote_argument(id, vote_id, content, arg_no) VALUES(115, 17, '투표 옵션 115', 3);
INSERT INTO com_vote_argument(id, vote_id, content, arg_no) VALUES(116, 10, '투표 옵션 116', 3);
INSERT INTO com_vote_argument(id, vote_id, content, arg_no) VALUES(117, 5, '투표 옵션 117', 2);
INSERT INTO com_vote_argument(id, vote_id, content, arg_no) VALUES(118, 4, '투표 옵션 118', 3);
INSERT INTO com_vote_argument(id, vote_id, content, arg_no) VALUES(119, 33, '투표 옵션 119', 3);
INSERT INTO com_vote_argument(id, vote_id, content, arg_no) VALUES(120, 7, '투표 옵션 120', 3);
INSERT INTO vote_result(id, vote_id, arg_id, count, created_at) VALUES(1, 36, 109, 4, '2025-08-04 10:45:16');
INSERT INTO vote_result(id, vote_id, arg_id, count, created_at) VALUES(2, 18, 95, 2, '2025-08-13 10:45:16');
INSERT INTO vote_result(id, vote_id, arg_id, count, created_at) VALUES(3, 12, 40, 2, '2025-08-07 10:45:16');
INSERT INTO vote_result(id, vote_id, arg_id, count, created_at) VALUES(4, 38, 27, 16, '2025-08-01 10:45:16');
INSERT INTO vote_result(id, vote_id, arg_id, count, created_at) VALUES(5, 35, 65, 17, '2025-08-07 10:45:16');
INSERT INTO vote_result(id, vote_id, arg_id, count, created_at) VALUES(6, 17, 116, 7, '2025-08-17 10:45:16');
INSERT INTO vote_result(id, vote_id, arg_id, count, created_at) VALUES(7, 5, 41, 6, '2025-07-30 10:45:16');
INSERT INTO vote_result(id, vote_id, arg_id, count, created_at) VALUES(8, 40, 10, 6, '2025-08-14 10:45:16');
INSERT INTO vote_result(id, vote_id, arg_id, count, created_at) VALUES(9, 18, 68, 0, '2025-08-06 10:45:16');
INSERT INTO vote_result(id, vote_id, arg_id, count, created_at) VALUES(10, 25, 105, 10, '2025-08-22 10:45:16');
INSERT INTO vote_result(id, vote_id, arg_id, count, created_at) VALUES(11, 40, 117, 2, '2025-08-04 10:45:16');
INSERT INTO vote_result(id, vote_id, arg_id, count, created_at) VALUES(12, 24, 33, 3, '2025-08-13 10:45:16');
INSERT INTO vote_result(id, vote_id, arg_id, count, created_at) VALUES(13, 15, 18, 3, '2025-08-26 10:45:16');
INSERT INTO vote_result(id, vote_id, arg_id, count, created_at) VALUES(14, 10, 27, 10, '2025-08-04 10:45:16');
INSERT INTO vote_result(id, vote_id, arg_id, count, created_at) VALUES(15, 39, 75, 10, '2025-07-29 10:45:16');
INSERT INTO vote_result(id, vote_id, arg_id, count, created_at) VALUES(16, 6, 95, 0, '2025-08-11 10:45:16');
INSERT INTO vote_result(id, vote_id, arg_id, count, created_at) VALUES(17, 7, 59, 2, '2025-08-02 10:45:16');
INSERT INTO vote_result(id, vote_id, arg_id, count, created_at) VALUES(18, 4, 27, 4, '2025-08-22 10:45:16');
INSERT INTO vote_result(id, vote_id, arg_id, count, created_at) VALUES(19, 14, 68, 17, '2025-08-01 10:45:16');
INSERT INTO vote_result(id, vote_id, arg_id, count, created_at) VALUES(20, 30, 39, 17, '2025-08-18 10:45:16');
INSERT INTO vote_result(id, vote_id, arg_id, count, created_at) VALUES(21, 35, 52, 3, '2025-08-18 10:45:16');
INSERT INTO vote_result(id, vote_id, arg_id, count, created_at) VALUES(22, 20, 48, 1, '2025-08-23 10:45:16');
INSERT INTO vote_result(id, vote_id, arg_id, count, created_at) VALUES(23, 24, 115, 13, '2025-07-30 10:45:16');
INSERT INTO vote_result(id, vote_id, arg_id, count, created_at) VALUES(24, 18, 10, 12, '2025-08-12 10:45:16');
INSERT INTO vote_result(id, vote_id, arg_id, count, created_at) VALUES(25, 33, 89, 13, '2025-08-06 10:45:16');
INSERT INTO vote_result(id, vote_id, arg_id, count, created_at) VALUES(26, 17, 34, 2, '2025-08-09 10:45:16');
INSERT INTO vote_result(id, vote_id, arg_id, count, created_at) VALUES(27, 26, 31, 12, '2025-08-02 10:45:16');
INSERT INTO vote_result(id, vote_id, arg_id, count, created_at) VALUES(28, 9, 116, 14, '2025-08-18 10:45:16');
INSERT INTO vote_result(id, vote_id, arg_id, count, created_at) VALUES(29, 7, 31, 10, '2025-08-19 10:45:16');
INSERT INTO vote_result(id, vote_id, arg_id, count, created_at) VALUES(30, 5, 86, 14, '2025-08-01 10:45:16');
INSERT INTO vote_result(id, vote_id, arg_id, count, created_at) VALUES(31, 39, 115, 15, '2025-08-27 10:45:16');
INSERT INTO vote_result(id, vote_id, arg_id, count, created_at) VALUES(32, 7, 18, 5, '2025-08-05 10:45:16');
INSERT INTO vote_result(id, vote_id, arg_id, count, created_at) VALUES(33, 25, 31, 4, '2025-08-20 10:45:16');
INSERT INTO vote_result(id, vote_id, arg_id, count, created_at) VALUES(34, 15, 24, 16, '2025-08-07 10:45:16');
INSERT INTO vote_result(id, vote_id, arg_id, count, created_at) VALUES(35, 11, 48, 3, '2025-08-09 10:45:16');
INSERT INTO vote_result(id, vote_id, arg_id, count, created_at) VALUES(36, 25, 88, 4, '2025-08-02 10:45:16');
INSERT INTO vote_result(id, vote_id, arg_id, count, created_at) VALUES(37, 5, 91, 19, '2025-08-24 10:45:16');
INSERT INTO vote_result(id, vote_id, arg_id, count, created_at) VALUES(38, 5, 115, 1, '2025-08-24 10:45:16');
INSERT INTO vote_result(id, vote_id, arg_id, count, created_at) VALUES(39, 6, 7, 18, '2025-07-30 10:45:16');
INSERT INTO vote_result(id, vote_id, arg_id, count, created_at) VALUES(40, 17, 45, 4, '2025-08-07 10:45:16');
INSERT INTO vote_result(id, vote_id, arg_id, count, created_at) VALUES(41, 13, 60, 5, '2025-08-25 10:45:16');
INSERT INTO vote_result(id, vote_id, arg_id, count, created_at) VALUES(42, 32, 103, 13, '2025-08-25 10:45:16');
INSERT INTO vote_result(id, vote_id, arg_id, count, created_at) VALUES(43, 34, 47, 0, '2025-07-30 10:45:16');
INSERT INTO vote_result(id, vote_id, arg_id, count, created_at) VALUES(44, 6, 30, 8, '2025-08-20 10:45:16');
INSERT INTO vote_result(id, vote_id, arg_id, count, created_at) VALUES(45, 5, 109, 9, '2025-07-28 10:45:16');
INSERT INTO vote_result(id, vote_id, arg_id, count, created_at) VALUES(46, 35, 2, 15, '2025-08-24 10:45:16');
INSERT INTO vote_result(id, vote_id, arg_id, count, created_at) VALUES(47, 40, 34, 0, '2025-07-30 10:45:16');
INSERT INTO vote_result(id, vote_id, arg_id, count, created_at) VALUES(48, 8, 57, 16, '2025-08-20 10:45:16');
INSERT INTO vote_result(id, vote_id, arg_id, count, created_at) VALUES(49, 39, 3, 13, '2025-08-20 10:45:16');
INSERT INTO vote_result(id, vote_id, arg_id, count, created_at) VALUES(50, 7, 109, 11, '2025-08-19 10:45:16');
INSERT INTO vote_result(id, vote_id, arg_id, count, created_at) VALUES(51, 7, 71, 5, '2025-08-11 10:45:16');
INSERT INTO vote_result(id, vote_id, arg_id, count, created_at) VALUES(52, 28, 61, 5, '2025-08-27 10:45:16');
INSERT INTO vote_result(id, vote_id, arg_id, count, created_at) VALUES(53, 20, 79, 8, '2025-08-11 10:45:16');
INSERT INTO vote_result(id, vote_id, arg_id, count, created_at) VALUES(54, 37, 16, 12, '2025-08-08 10:45:16');
INSERT INTO vote_result(id, vote_id, arg_id, count, created_at) VALUES(55, 30, 21, 7, '2025-08-08 10:45:16');
INSERT INTO vote_result(id, vote_id, arg_id, count, created_at) VALUES(56, 39, 51, 3, '2025-08-18 10:45:16');
INSERT INTO vote_result(id, vote_id, arg_id, count, created_at) VALUES(57, 7, 57, 5, '2025-07-31 10:45:16');
INSERT INTO vote_result(id, vote_id, arg_id, count, created_at) VALUES(58, 12, 13, 9, '2025-08-13 10:45:16');
INSERT INTO vote_result(id, vote_id, arg_id, count, created_at) VALUES(59, 3, 3, 13, '2025-08-27 10:45:16');
INSERT INTO vote_result(id, vote_id, arg_id, count, created_at) VALUES(60, 25, 103, 1, '2025-08-27 10:45:16');
INSERT INTO vote_status(id, arg_id, user_id, created_at) VALUES(1, 2, 10, '2025-08-02 10:45:16');
INSERT INTO vote_status(id, arg_id, user_id, created_at) VALUES(2, 9, 15, '2025-08-08 10:45:16');
INSERT INTO vote_status(id, arg_id, user_id, created_at) VALUES(3, 97, 34, '2025-08-26 10:45:16');
INSERT INTO vote_status(id, arg_id, user_id, created_at) VALUES(4, 46, 4, '2025-07-31 10:45:16');
INSERT INTO vote_status(id, arg_id, user_id, created_at) VALUES(5, 5, 1, '2025-08-27 10:45:16');
INSERT INTO vote_status(id, arg_id, user_id, created_at) VALUES(6, 1, 40, '2025-08-10 10:45:16');
INSERT INTO vote_status(id, arg_id, user_id, created_at) VALUES(7, 85, 42, '2025-08-12 10:45:16');
INSERT INTO vote_status(id, arg_id, user_id, created_at) VALUES(8, 88, 6, '2025-08-09 10:45:16');
INSERT INTO vote_status(id, arg_id, user_id, created_at) VALUES(9, 108, 2, '2025-07-30 10:45:16');
INSERT INTO vote_status(id, arg_id, user_id, created_at) VALUES(10, 80, 23, '2025-08-15 10:45:16');
INSERT INTO vote_status(id, arg_id, user_id, created_at) VALUES(11, 94, 27, '2025-08-17 10:45:16');
INSERT INTO vote_status(id, arg_id, user_id, created_at) VALUES(12, 25, 16, '2025-08-25 10:45:16');
INSERT INTO vote_status(id, arg_id, user_id, created_at) VALUES(13, 3, 8, '2025-07-31 10:45:16');
INSERT INTO vote_status(id, arg_id, user_id, created_at) VALUES(14, 41, 12, '2025-08-27 10:45:16');
INSERT INTO vote_status(id, arg_id, user_id, created_at) VALUES(15, 93, 38, '2025-08-19 10:45:16');
INSERT INTO vote_status(id, arg_id, user_id, created_at) VALUES(16, 113, 34, '2025-08-05 10:45:16');
INSERT INTO vote_status(id, arg_id, user_id, created_at) VALUES(17, 73, 42, '2025-08-14 10:45:16');
INSERT INTO vote_status(id, arg_id, user_id, created_at) VALUES(18, 69, 46, '2025-07-30 10:45:16');
INSERT INTO vote_status(id, arg_id, user_id, created_at) VALUES(19, 103, 37, '2025-07-31 10:45:16');
INSERT INTO vote_status(id, arg_id, user_id, created_at) VALUES(20, 5, 4, '2025-08-27 10:45:16');
INSERT INTO vote_status(id, arg_id, user_id, created_at) VALUES(21, 37, 26, '2025-08-27 10:45:16');
INSERT INTO vote_status(id, arg_id, user_id, created_at) VALUES(22, 50, 37, '2025-08-21 10:45:16');
INSERT INTO vote_status(id, arg_id, user_id, created_at) VALUES(23, 32, 40, '2025-08-23 10:45:16');
INSERT INTO vote_status(id, arg_id, user_id, created_at) VALUES(24, 44, 45, '2025-08-27 10:45:16');
INSERT INTO vote_status(id, arg_id, user_id, created_at) VALUES(25, 120, 7, '2025-07-30 10:45:16');
INSERT INTO vote_status(id, arg_id, user_id, created_at) VALUES(26, 17, 5, '2025-07-31 10:45:16');
INSERT INTO vote_status(id, arg_id, user_id, created_at) VALUES(27, 68, 6, '2025-08-25 10:45:16');
INSERT INTO vote_status(id, arg_id, user_id, created_at) VALUES(28, 8, 17, '2025-08-11 10:45:16');
INSERT INTO vote_status(id, arg_id, user_id, created_at) VALUES(29, 118, 41, '2025-08-08 10:45:16');
INSERT INTO vote_status(id, arg_id, user_id, created_at) VALUES(30, 70, 31, '2025-07-28 10:45:16');
INSERT INTO vote_status(id, arg_id, user_id, created_at) VALUES(31, 118, 38, '2025-08-15 10:45:16');
INSERT INTO vote_status(id, arg_id, user_id, created_at) VALUES(32, 96, 29, '2025-08-06 10:45:16');
INSERT INTO vote_status(id, arg_id, user_id, created_at) VALUES(33, 24, 20, '2025-08-12 10:45:16');
INSERT INTO vote_status(id, arg_id, user_id, created_at) VALUES(34, 93, 32, '2025-08-17 10:45:16');
INSERT INTO vote_status(id, arg_id, user_id, created_at) VALUES(35, 57, 13, '2025-08-17 10:45:16');
INSERT INTO vote_status(id, arg_id, user_id, created_at) VALUES(36, 66, 18, '2025-07-30 10:45:16');
INSERT INTO vote_status(id, arg_id, user_id, created_at) VALUES(37, 58, 4, '2025-08-19 10:45:16');
INSERT INTO vote_status(id, arg_id, user_id, created_at) VALUES(38, 111, 45, '2025-08-08 10:45:16');
INSERT INTO vote_status(id, arg_id, user_id, created_at) VALUES(39, 27, 6, '2025-08-05 10:45:16');
INSERT INTO vote_status(id, arg_id, user_id, created_at) VALUES(40, 57, 15, '2025-08-02 10:45:16');
INSERT INTO vote_status(id, arg_id, user_id, created_at) VALUES(41, 37, 14, '2025-08-08 10:45:16');
INSERT INTO vote_status(id, arg_id, user_id, created_at) VALUES(42, 61, 27, '2025-08-12 10:45:16');
INSERT INTO vote_status(id, arg_id, user_id, created_at) VALUES(43, 2, 17, '2025-08-19 10:45:16');
INSERT INTO vote_status(id, arg_id, user_id, created_at) VALUES(44, 106, 35, '2025-07-30 10:45:16');
INSERT INTO vote_status(id, arg_id, user_id, created_at) VALUES(45, 23, 24, '2025-08-09 10:45:16');
INSERT INTO vote_status(id, arg_id, user_id, created_at) VALUES(46, 8, 39, '2025-08-08 10:45:16');
INSERT INTO vote_status(id, arg_id, user_id, created_at) VALUES(47, 67, 47, '2025-08-10 10:45:16');
INSERT INTO vote_status(id, arg_id, user_id, created_at) VALUES(48, 46, 12, '2025-08-15 10:45:16');
INSERT INTO vote_status(id, arg_id, user_id, created_at) VALUES(49, 72, 45, '2025-07-28 10:45:16');
INSERT INTO vote_status(id, arg_id, user_id, created_at) VALUES(50, 83, 34, '2025-07-31 10:45:16');
INSERT INTO vote_status(id, arg_id, user_id, created_at) VALUES(51, 94, 42, '2025-08-19 10:45:16');
INSERT INTO vote_status(id, arg_id, user_id, created_at) VALUES(52, 106, 13, '2025-08-23 10:45:16');
INSERT INTO vote_status(id, arg_id, user_id, created_at) VALUES(53, 90, 13, '2025-07-29 10:45:16');
INSERT INTO vote_status(id, arg_id, user_id, created_at) VALUES(54, 35, 43, '2025-07-31 10:45:16');
INSERT INTO vote_status(id, arg_id, user_id, created_at) VALUES(55, 75, 46, '2025-08-05 10:45:16');
INSERT INTO vote_status(id, arg_id, user_id, created_at) VALUES(56, 68, 46, '2025-08-18 10:45:16');
INSERT INTO vote_status(id, arg_id, user_id, created_at) VALUES(57, 95, 4, '2025-08-02 10:45:16');
INSERT INTO vote_status(id, arg_id, user_id, created_at) VALUES(58, 104, 24, '2025-08-03 10:45:16');
INSERT INTO vote_status(id, arg_id, user_id, created_at) VALUES(59, 7, 1, '2025-08-25 10:45:16');
INSERT INTO vote_status(id, arg_id, user_id, created_at) VALUES(60, 62, 5, '2025-08-05 10:45:16');
INSERT INTO vote_status(id, arg_id, user_id, created_at) VALUES(61, 78, 40, '2025-08-16 10:45:16');
INSERT INTO vote_status(id, arg_id, user_id, created_at) VALUES(62, 13, 29, '2025-08-05 10:45:16');
INSERT INTO vote_status(id, arg_id, user_id, created_at) VALUES(63, 52, 46, '2025-08-10 10:45:16');
INSERT INTO vote_status(id, arg_id, user_id, created_at) VALUES(64, 21, 41, '2025-08-16 10:45:16');
INSERT INTO vote_status(id, arg_id, user_id, created_at) VALUES(65, 83, 25, '2025-08-10 10:45:16');
INSERT INTO vote_status(id, arg_id, user_id, created_at) VALUES(66, 41, 8, '2025-08-06 10:45:16');
INSERT INTO vote_status(id, arg_id, user_id, created_at) VALUES(67, 113, 8, '2025-08-02 10:45:16');
INSERT INTO vote_status(id, arg_id, user_id, created_at) VALUES(68, 98, 8, '2025-07-28 10:45:16');
INSERT INTO vote_status(id, arg_id, user_id, created_at) VALUES(69, 10, 7, '2025-08-15 10:45:16');
INSERT INTO vote_status(id, arg_id, user_id, created_at) VALUES(70, 50, 30, '2025-07-28 10:45:16');
INSERT INTO vote_status(id, arg_id, user_id, created_at) VALUES(71, 14, 31, '2025-08-07 10:45:16');
INSERT INTO vote_status(id, arg_id, user_id, created_at) VALUES(72, 7, 24, '2025-08-23 10:45:16');
INSERT INTO vote_status(id, arg_id, user_id, created_at) VALUES(73, 27, 2, '2025-08-27 10:45:16');
INSERT INTO vote_status(id, arg_id, user_id, created_at) VALUES(74, 114, 29, '2025-08-17 10:45:16');
INSERT INTO vote_status(id, arg_id, user_id, created_at) VALUES(75, 73, 42, '2025-08-11 10:45:16');
INSERT INTO vote_status(id, arg_id, user_id, created_at) VALUES(76, 17, 27, '2025-08-20 10:45:16');
INSERT INTO vote_status(id, arg_id, user_id, created_at) VALUES(77, 5, 34, '2025-08-17 10:45:16');
INSERT INTO vote_status(id, arg_id, user_id, created_at) VALUES(78, 9, 28, '2025-08-22 10:45:16');
INSERT INTO vote_status(id, arg_id, user_id, created_at) VALUES(79, 108, 7, '2025-08-18 10:45:16');
INSERT INTO vote_status(id, arg_id, user_id, created_at) VALUES(80, 29, 14, '2025-08-05 10:45:16');
INSERT INTO vote_status(id, arg_id, user_id, created_at) VALUES(81, 100, 9, '2025-08-26 10:45:16');
INSERT INTO vote_status(id, arg_id, user_id, created_at) VALUES(82, 52, 15, '2025-08-21 10:45:16');
INSERT INTO vote_status(id, arg_id, user_id, created_at) VALUES(83, 70, 27, '2025-08-02 10:45:16');
INSERT INTO vote_status(id, arg_id, user_id, created_at) VALUES(84, 20, 32, '2025-08-20 10:45:16');
INSERT INTO vote_status(id, arg_id, user_id, created_at) VALUES(85, 61, 50, '2025-08-04 10:45:16');
INSERT INTO vote_status(id, arg_id, user_id, created_at) VALUES(86, 26, 18, '2025-08-13 10:45:16');
INSERT INTO vote_status(id, arg_id, user_id, created_at) VALUES(87, 72, 15, '2025-08-06 10:45:16');
INSERT INTO vote_status(id, arg_id, user_id, created_at) VALUES(88, 5, 41, '2025-08-15 10:45:16');
INSERT INTO vote_status(id, arg_id, user_id, created_at) VALUES(89, 47, 50, '2025-08-20 10:45:16');
INSERT INTO vote_status(id, arg_id, user_id, created_at) VALUES(90, 102, 40, '2025-07-28 10:45:16');
INSERT INTO vote_status(id, arg_id, user_id, created_at) VALUES(91, 45, 29, '2025-08-17 10:45:16');
INSERT INTO vote_status(id, arg_id, user_id, created_at) VALUES(92, 72, 25, '2025-08-21 10:45:16');
INSERT INTO vote_status(id, arg_id, user_id, created_at) VALUES(93, 71, 1, '2025-08-09 10:45:16');
INSERT INTO vote_status(id, arg_id, user_id, created_at) VALUES(94, 20, 44, '2025-08-15 10:45:16');
INSERT INTO vote_status(id, arg_id, user_id, created_at) VALUES(95, 47, 9, '2025-08-18 10:45:16');
INSERT INTO vote_status(id, arg_id, user_id, created_at) VALUES(96, 117, 5, '2025-08-08 10:45:16');
INSERT INTO vote_status(id, arg_id, user_id, created_at) VALUES(97, 78, 22, '2025-08-09 10:45:16');
INSERT INTO vote_status(id, arg_id, user_id, created_at) VALUES(98, 101, 42, '2025-08-23 10:45:16');
INSERT INTO vote_status(id, arg_id, user_id, created_at) VALUES(99, 97, 39, '2025-08-24 10:45:16');
INSERT INTO vote_status(id, arg_id, user_id, created_at) VALUES(100, 55, 23, '2025-08-08 10:45:16');
INSERT INTO likes_dislikes(id, type, user_id, is_likes, target_id, created_at) VALUES(1, 'comment', 24, 1, 58, '2025-08-03 10:45:16');
INSERT INTO likes_dislikes(id, type, user_id, is_likes, target_id, created_at) VALUES(2, 'post', 6, 0, 30, '2025-08-01 10:45:16');
INSERT INTO likes_dislikes(id, type, user_id, is_likes, target_id, created_at) VALUES(3, 'comment', 48, 1, 69, '2025-08-09 10:45:16');
INSERT INTO likes_dislikes(id, type, user_id, is_likes, target_id, created_at) VALUES(4, 'post', 42, 0, 6, '2025-08-18 10:45:16');
INSERT INTO likes_dislikes(id, type, user_id, is_likes, target_id, created_at) VALUES(5, 'post', 23, 1, 37, '2025-08-05 10:45:16');
INSERT INTO likes_dislikes(id, type, user_id, is_likes, target_id, created_at) VALUES(6, 'post', 40, 0, 29, '2025-08-09 10:45:16');
INSERT INTO likes_dislikes(id, type, user_id, is_likes, target_id, created_at) VALUES(7, 'post', 28, 0, 13, '2025-08-19 10:45:16');
INSERT INTO likes_dislikes(id, type, user_id, is_likes, target_id, created_at) VALUES(8, 'post', 3, 1, 30, '2025-08-26 10:45:16');
INSERT INTO likes_dislikes(id, type, user_id, is_likes, target_id, created_at) VALUES(9, 'post', 30, 1, 19, '2025-08-21 10:45:16');
INSERT INTO likes_dislikes(id, type, user_id, is_likes, target_id, created_at) VALUES(10, 'post', 26, 1, 7, '2025-08-05 10:45:16');
INSERT INTO likes_dislikes(id, type, user_id, is_likes, target_id, created_at) VALUES(11, 'post', 47, 1, 32, '2025-08-04 10:45:16');
INSERT INTO likes_dislikes(id, type, user_id, is_likes, target_id, created_at) VALUES(12, 'comment', 50, 0, 22, '2025-08-07 10:45:16');
INSERT INTO likes_dislikes(id, type, user_id, is_likes, target_id, created_at) VALUES(13, 'comment', 16, 1, 58, '2025-08-06 10:45:16');
INSERT INTO likes_dislikes(id, type, user_id, is_likes, target_id, created_at) VALUES(14, 'comment', 40, 0, 1, '2025-08-15 10:45:16');
INSERT INTO likes_dislikes(id, type, user_id, is_likes, target_id, created_at) VALUES(15, 'post', 27, 1, 11, '2025-08-12 10:45:16');
INSERT INTO likes_dislikes(id, type, user_id, is_likes, target_id, created_at) VALUES(16, 'comment', 33, 0, 76, '2025-07-29 10:45:16');
INSERT INTO likes_dislikes(id, type, user_id, is_likes, target_id, created_at) VALUES(17, 'post', 45, 1, 2, '2025-08-19 10:45:16');
INSERT INTO likes_dislikes(id, type, user_id, is_likes, target_id, created_at) VALUES(18, 'post', 48, 1, 16, '2025-08-06 10:45:16');
INSERT INTO likes_dislikes(id, type, user_id, is_likes, target_id, created_at) VALUES(19, 'comment', 5, 1, 53, '2025-08-27 10:45:16');
INSERT INTO likes_dislikes(id, type, user_id, is_likes, target_id, created_at) VALUES(20, 'comment', 13, 0, 73, '2025-08-01 10:45:16');
INSERT INTO likes_dislikes(id, type, user_id, is_likes, target_id, created_at) VALUES(21, 'comment', 3, 0, 22, '2025-08-26 10:45:16');
INSERT INTO likes_dislikes(id, type, user_id, is_likes, target_id, created_at) VALUES(22, 'comment', 42, 0, 15, '2025-08-22 10:45:16');
INSERT INTO likes_dislikes(id, type, user_id, is_likes, target_id, created_at) VALUES(23, 'post', 6, 1, 15, '2025-08-08 10:45:16');
INSERT INTO likes_dislikes(id, type, user_id, is_likes, target_id, created_at) VALUES(24, 'comment', 2, 0, 40, '2025-08-09 10:45:16');
INSERT INTO likes_dislikes(id, type, user_id, is_likes, target_id, created_at) VALUES(25, 'comment', 35, 0, 25, '2025-08-17 10:45:16');
INSERT INTO likes_dislikes(id, type, user_id, is_likes, target_id, created_at) VALUES(26, 'post', 32, 1, 18, '2025-08-02 10:45:16');
INSERT INTO likes_dislikes(id, type, user_id, is_likes, target_id, created_at) VALUES(27, 'comment', 5, 1, 77, '2025-08-25 10:45:16');
INSERT INTO likes_dislikes(id, type, user_id, is_likes, target_id, created_at) VALUES(28, 'comment', 6, 1, 37, '2025-08-05 10:45:16');
INSERT INTO likes_dislikes(id, type, user_id, is_likes, target_id, created_at) VALUES(29, 'post', 5, 1, 4, '2025-08-13 10:45:16');
INSERT INTO likes_dislikes(id, type, user_id, is_likes, target_id, created_at) VALUES(30, 'comment', 26, 1, 29, '2025-08-14 10:45:16');
INSERT INTO likes_dislikes(id, type, user_id, is_likes, target_id, created_at) VALUES(31, 'post', 29, 1, 18, '2025-08-19 10:45:16');
INSERT INTO likes_dislikes(id, type, user_id, is_likes, target_id, created_at) VALUES(32, 'post', 35, 1, 30, '2025-08-23 10:45:16');
INSERT INTO likes_dislikes(id, type, user_id, is_likes, target_id, created_at) VALUES(33, 'post', 37, 1, 30, '2025-08-24 10:45:16');
INSERT INTO likes_dislikes(id, type, user_id, is_likes, target_id, created_at) VALUES(34, 'post', 19, 0, 30, '2025-08-13 10:45:16');
INSERT INTO likes_dislikes(id, type, user_id, is_likes, target_id, created_at) VALUES(35, 'comment', 25, 1, 27, '2025-08-04 10:45:16');
INSERT INTO likes_dislikes(id, type, user_id, is_likes, target_id, created_at) VALUES(36, 'post', 47, 1, 3, '2025-07-30 10:45:16');
INSERT INTO likes_dislikes(id, type, user_id, is_likes, target_id, created_at) VALUES(37, 'post', 3, 1, 16, '2025-08-09 10:45:16');
INSERT INTO likes_dislikes(id, type, user_id, is_likes, target_id, created_at) VALUES(38, 'post', 41, 1, 29, '2025-08-12 10:45:16');
INSERT INTO likes_dislikes(id, type, user_id, is_likes, target_id, created_at) VALUES(39, 'post', 40, 0, 27, '2025-08-19 10:45:16');
INSERT INTO likes_dislikes(id, type, user_id, is_likes, target_id, created_at) VALUES(40, 'post', 36, 1, 7, '2025-08-25 10:45:16');
INSERT INTO likes_dislikes(id, type, user_id, is_likes, target_id, created_at) VALUES(41, 'post', 9, 1, 14, '2025-08-14 10:45:16');
INSERT INTO likes_dislikes(id, type, user_id, is_likes, target_id, created_at) VALUES(42, 'post', 23, 1, 27, '2025-07-30 10:45:16');
INSERT INTO likes_dislikes(id, type, user_id, is_likes, target_id, created_at) VALUES(43, 'comment', 36, 0, 20, '2025-08-09 10:45:16');
INSERT INTO likes_dislikes(id, type, user_id, is_likes, target_id, created_at) VALUES(44, 'post', 11, 1, 6, '2025-08-22 10:45:16');
INSERT INTO likes_dislikes(id, type, user_id, is_likes, target_id, created_at) VALUES(45, 'comment', 14, 0, 57, '2025-08-02 10:45:16');
INSERT INTO likes_dislikes(id, type, user_id, is_likes, target_id, created_at) VALUES(46, 'post', 12, 1, 32, '2025-08-12 10:45:16');
INSERT INTO likes_dislikes(id, type, user_id, is_likes, target_id, created_at) VALUES(47, 'post', 14, 0, 37, '2025-08-02 10:45:16');
INSERT INTO likes_dislikes(id, type, user_id, is_likes, target_id, created_at) VALUES(48, 'post', 48, 1, 19, '2025-08-26 10:45:16');
INSERT INTO likes_dislikes(id, type, user_id, is_likes, target_id, created_at) VALUES(49, 'comment', 29, 0, 74, '2025-08-22 10:45:16');
INSERT INTO likes_dislikes(id, type, user_id, is_likes, target_id, created_at) VALUES(50, 'post', 34, 1, 10, '2025-08-01 10:45:16');
INSERT INTO likes_dislikes(id, type, user_id, is_likes, target_id, created_at) VALUES(51, 'comment', 43, 1, 22, '2025-08-21 10:45:16');
INSERT INTO likes_dislikes(id, type, user_id, is_likes, target_id, created_at) VALUES(52, 'post', 27, 0, 35, '2025-08-05 10:45:16');
INSERT INTO likes_dislikes(id, type, user_id, is_likes, target_id, created_at) VALUES(53, 'post', 20, 0, 14, '2025-08-15 10:45:16');
INSERT INTO likes_dislikes(id, type, user_id, is_likes, target_id, created_at) VALUES(54, 'comment', 36, 1, 47, '2025-08-02 10:45:16');
INSERT INTO likes_dislikes(id, type, user_id, is_likes, target_id, created_at) VALUES(55, 'post', 29, 0, 8, '2025-07-30 10:45:16');
INSERT INTO likes_dislikes(id, type, user_id, is_likes, target_id, created_at) VALUES(56, 'post', 19, 0, 9, '2025-07-28 10:45:16');
INSERT INTO likes_dislikes(id, type, user_id, is_likes, target_id, created_at) VALUES(57, 'post', 12, 0, 21, '2025-08-04 10:45:16');
INSERT INTO likes_dislikes(id, type, user_id, is_likes, target_id, created_at) VALUES(58, 'comment', 25, 1, 62, '2025-08-05 10:45:16');
INSERT INTO likes_dislikes(id, type, user_id, is_likes, target_id, created_at) VALUES(59, 'post', 35, 0, 33, '2025-08-06 10:45:16');
INSERT INTO likes_dislikes(id, type, user_id, is_likes, target_id, created_at) VALUES(60, 'comment', 23, 1, 56, '2025-07-31 10:45:16');
INSERT INTO likes_dislikes(id, type, user_id, is_likes, target_id, created_at) VALUES(61, 'comment', 17, 0, 56, '2025-08-14 10:45:16');
INSERT INTO likes_dislikes(id, type, user_id, is_likes, target_id, created_at) VALUES(62, 'post', 5, 1, 4, '2025-08-22 10:45:16');
INSERT INTO likes_dislikes(id, type, user_id, is_likes, target_id, created_at) VALUES(63, 'post', 23, 0, 28, '2025-08-22 10:45:16');
INSERT INTO likes_dislikes(id, type, user_id, is_likes, target_id, created_at) VALUES(64, 'comment', 1, 0, 68, '2025-08-11 10:45:16');
INSERT INTO likes_dislikes(id, type, user_id, is_likes, target_id, created_at) VALUES(65, 'comment', 45, 1, 18, '2025-08-18 10:45:16');
INSERT INTO likes_dislikes(id, type, user_id, is_likes, target_id, created_at) VALUES(66, 'post', 3, 0, 26, '2025-08-26 10:45:16');
INSERT INTO likes_dislikes(id, type, user_id, is_likes, target_id, created_at) VALUES(67, 'comment', 18, 1, 60, '2025-08-16 10:45:16');
INSERT INTO likes_dislikes(id, type, user_id, is_likes, target_id, created_at) VALUES(68, 'comment', 36, 1, 41, '2025-08-14 10:45:16');
INSERT INTO likes_dislikes(id, type, user_id, is_likes, target_id, created_at) VALUES(69, 'comment', 8, 0, 33, '2025-07-28 10:45:16');
INSERT INTO likes_dislikes(id, type, user_id, is_likes, target_id, created_at) VALUES(70, 'post', 47, 0, 7, '2025-08-25 10:45:16');
INSERT INTO likes_dislikes(id, type, user_id, is_likes, target_id, created_at) VALUES(71, 'post', 37, 1, 18, '2025-08-15 10:45:16');
INSERT INTO likes_dislikes(id, type, user_id, is_likes, target_id, created_at) VALUES(72, 'comment', 12, 0, 47, '2025-08-20 10:45:16');
INSERT INTO likes_dislikes(id, type, user_id, is_likes, target_id, created_at) VALUES(73, 'post', 37, 0, 13, '2025-08-23 10:45:16');
INSERT INTO likes_dislikes(id, type, user_id, is_likes, target_id, created_at) VALUES(74, 'post', 46, 0, 24, '2025-08-26 10:45:16');
INSERT INTO likes_dislikes(id, type, user_id, is_likes, target_id, created_at) VALUES(75, 'comment', 21, 0, 50, '2025-08-08 10:45:16');
INSERT INTO likes_dislikes(id, type, user_id, is_likes, target_id, created_at) VALUES(76, 'comment', 17, 1, 23, '2025-08-06 10:45:16');
INSERT INTO likes_dislikes(id, type, user_id, is_likes, target_id, created_at) VALUES(77, 'comment', 44, 1, 59, '2025-08-26 10:45:16');
INSERT INTO likes_dislikes(id, type, user_id, is_likes, target_id, created_at) VALUES(78, 'post', 9, 0, 26, '2025-08-25 10:45:16');
INSERT INTO likes_dislikes(id, type, user_id, is_likes, target_id, created_at) VALUES(79, 'post', 25, 0, 2, '2025-08-16 10:45:16');
INSERT INTO likes_dislikes(id, type, user_id, is_likes, target_id, created_at) VALUES(80, 'comment', 36, 1, 11, '2025-08-02 10:45:16');
INSERT INTO likes_dislikes(id, type, user_id, is_likes, target_id, created_at) VALUES(81, 'post', 3, 1, 25, '2025-08-13 10:45:16');
INSERT INTO likes_dislikes(id, type, user_id, is_likes, target_id, created_at) VALUES(82, 'comment', 4, 1, 20, '2025-08-27 10:45:16');
INSERT INTO likes_dislikes(id, type, user_id, is_likes, target_id, created_at) VALUES(83, 'post', 27, 1, 39, '2025-08-17 10:45:16');
INSERT INTO likes_dislikes(id, type, user_id, is_likes, target_id, created_at) VALUES(84, 'comment', 43, 0, 73, '2025-08-10 10:45:16');
INSERT INTO likes_dislikes(id, type, user_id, is_likes, target_id, created_at) VALUES(85, 'comment', 13, 0, 77, '2025-08-25 10:45:16');
INSERT INTO likes_dislikes(id, type, user_id, is_likes, target_id, created_at) VALUES(86, 'comment', 37, 1, 42, '2025-08-24 10:45:16');
INSERT INTO likes_dislikes(id, type, user_id, is_likes, target_id, created_at) VALUES(87, 'comment', 17, 1, 78, '2025-08-17 10:45:16');
INSERT INTO likes_dislikes(id, type, user_id, is_likes, target_id, created_at) VALUES(88, 'post', 47, 0, 40, '2025-08-13 10:45:16');
INSERT INTO likes_dislikes(id, type, user_id, is_likes, target_id, created_at) VALUES(89, 'post', 16, 1, 40, '2025-08-02 10:45:16');
INSERT INTO likes_dislikes(id, type, user_id, is_likes, target_id, created_at) VALUES(90, 'post', 43, 0, 38, '2025-08-25 10:45:16');
INSERT INTO likes_dislikes(id, type, user_id, is_likes, target_id, created_at) VALUES(91, 'post', 44, 0, 6, '2025-07-28 10:45:16');
INSERT INTO likes_dislikes(id, type, user_id, is_likes, target_id, created_at) VALUES(92, 'comment', 31, 0, 77, '2025-08-20 10:45:16');
INSERT INTO likes_dislikes(id, type, user_id, is_likes, target_id, created_at) VALUES(93, 'comment', 45, 0, 73, '2025-08-12 10:45:16');
INSERT INTO likes_dislikes(id, type, user_id, is_likes, target_id, created_at) VALUES(94, 'comment', 34, 0, 16, '2025-07-31 10:45:16');
INSERT INTO likes_dislikes(id, type, user_id, is_likes, target_id, created_at) VALUES(95, 'post', 43, 0, 39, '2025-08-22 10:45:16');
INSERT INTO likes_dislikes(id, type, user_id, is_likes, target_id, created_at) VALUES(96, 'post', 43, 1, 8, '2025-08-23 10:45:16');
INSERT INTO likes_dislikes(id, type, user_id, is_likes, target_id, created_at) VALUES(97, 'post', 35, 1, 8, '2025-08-19 10:45:16');
INSERT INTO likes_dislikes(id, type, user_id, is_likes, target_id, created_at) VALUES(98, 'comment', 47, 1, 76, '2025-08-21 10:45:16');
INSERT INTO likes_dislikes(id, type, user_id, is_likes, target_id, created_at) VALUES(99, 'post', 50, 0, 11, '2025-08-17 10:45:16');
INSERT INTO likes_dislikes(id, type, user_id, is_likes, target_id, created_at) VALUES(100, 'comment', 46, 1, 47, '2025-07-29 10:45:16');
INSERT INTO report(id, reason, status, created_at, reporter_id, board_post_id, admin_id) VALUES(1, '신고 사유 1', 'PENDING', '2025-08-25 10:45:16', 10, 32, 6);
INSERT INTO report(id, reason, status, created_at, reporter_id, board_post_id, admin_id) VALUES(2, '신고 사유 2', 'REJECTED', '2025-08-10 10:45:16', 15, 36, 42);
INSERT INTO report(id, reason, status, created_at, reporter_id, board_post_id, admin_id) VALUES(3, '신고 사유 3', 'PENDING', '2025-08-24 10:45:16', 2, 19, 5);
INSERT INTO report(id, reason, status, created_at, reporter_id, board_post_id, admin_id) VALUES(4, '신고 사유 4', 'DONE', '2025-08-16 10:45:16', 37, 35, 41);
INSERT INTO report(id, reason, status, created_at, reporter_id, board_post_id, admin_id) VALUES(5, '신고 사유 5', 'PENDING', '2025-08-04 10:45:16', 46, 3, 9);
INSERT INTO report(id, reason, status, created_at, reporter_id, board_post_id, admin_id) VALUES(6, '신고 사유 6', 'PENDING', '2025-08-04 10:45:16', 42, 14, 24);
INSERT INTO report(id, reason, status, created_at, reporter_id, board_post_id, admin_id) VALUES(7, '신고 사유 7', 'PENDING', '2025-08-04 10:45:16', 50, 39, 41);
INSERT INTO report(id, reason, status, created_at, reporter_id, board_post_id, admin_id) VALUES(8, '신고 사유 8', 'PENDING', '2025-07-30 10:45:16', 3, 4, 24);
INSERT INTO report(id, reason, status, created_at, reporter_id, board_post_id, admin_id) VALUES(9, '신고 사유 9', 'PENDING', '2025-08-19 10:45:16', 39, 20, NULL);
INSERT INTO report(id, reason, status, created_at, reporter_id, board_post_id, admin_id) VALUES(10, '신고 사유 10', 'REJECTED', '2025-08-06 10:45:16', 17, 37, 35);
INSERT INTO report(id, reason, status, created_at, reporter_id, board_post_id, admin_id) VALUES(11, '신고 사유 11', 'DONE', '2025-08-13 10:45:16', 29, 1, NULL);
INSERT INTO report(id, reason, status, created_at, reporter_id, board_post_id, admin_id) VALUES(12, '신고 사유 12', 'PENDING', '2025-08-13 10:45:16', 47, 34, 9);
INSERT INTO report(id, reason, status, created_at, reporter_id, board_post_id, admin_id) VALUES(13, '신고 사유 13', 'REJECTED', '2025-08-18 10:45:16', 33, 8, NULL);
INSERT INTO report(id, reason, status, created_at, reporter_id, board_post_id, admin_id) VALUES(14, '신고 사유 14', 'PENDING', '2025-08-06 10:45:16', 30, 16, NULL);
INSERT INTO report(id, reason, status, created_at, reporter_id, board_post_id, admin_id) VALUES(15, '신고 사유 15', 'REJECTED', '2025-08-09 10:45:16', 9, 37, 5);
INSERT INTO report(id, reason, status, created_at, reporter_id, board_post_id, admin_id) VALUES(16, '신고 사유 16', 'REJECTED', '2025-08-10 10:45:16', 27, 2, 48);
INSERT INTO report(id, reason, status, created_at, reporter_id, board_post_id, admin_id) VALUES(17, '신고 사유 17', 'PENDING', '2025-07-31 10:45:16', 6, 2, 30);
INSERT INTO report(id, reason, status, created_at, reporter_id, board_post_id, admin_id) VALUES(18, '신고 사유 18', 'REJECTED', '2025-08-16 10:45:16', 34, 31, NULL);
INSERT INTO report(id, reason, status, created_at, reporter_id, board_post_id, admin_id) VALUES(19, '신고 사유 19', 'PENDING', '2025-08-08 10:45:16', 31, 28, 40);
INSERT INTO report(id, reason, status, created_at, reporter_id, board_post_id, admin_id) VALUES(20, '신고 사유 20', 'DONE', '2025-08-04 10:45:16', 49, 14, 10);
INSERT INTO report(id, reason, status, created_at, reporter_id, board_post_id, admin_id) VALUES(21, '신고 사유 21', 'DONE', '2025-08-16 10:45:16', 36, 20, 49);
INSERT INTO report(id, reason, status, created_at, reporter_id, board_post_id, admin_id) VALUES(22, '신고 사유 22', 'REJECTED', '2025-08-03 10:45:16', 31, 33, 42);
INSERT INTO report(id, reason, status, created_at, reporter_id, board_post_id, admin_id) VALUES(23, '신고 사유 23', 'REJECTED', '2025-08-25 10:45:16', 34, 16, 3);
INSERT INTO report(id, reason, status, created_at, reporter_id, board_post_id, admin_id) VALUES(24, '신고 사유 24', 'REJECTED', '2025-08-25 10:45:16', 37, 24, NULL);
INSERT INTO report(id, reason, status, created_at, reporter_id, board_post_id, admin_id) VALUES(25, '신고 사유 25', 'DONE', '2025-08-11 10:45:16', 40, 28, 4);
INSERT INTO report(id, reason, status, created_at, reporter_id, board_post_id, admin_id) VALUES(26, '신고 사유 26', 'DONE', '2025-08-20 10:45:16', 40, 10, 2);
INSERT INTO report(id, reason, status, created_at, reporter_id, board_post_id, admin_id) VALUES(27, '신고 사유 27', 'DONE', '2025-08-02 10:45:16', 7, 16, NULL);
INSERT INTO report(id, reason, status, created_at, reporter_id, board_post_id, admin_id) VALUES(28, '신고 사유 28', 'PENDING', '2025-08-04 10:45:16', 41, 14, NULL);
INSERT INTO report(id, reason, status, created_at, reporter_id, board_post_id, admin_id) VALUES(29, '신고 사유 29', 'PENDING', '2025-08-07 10:45:16', 17, 26, NULL);
INSERT INTO report(id, reason, status, created_at, reporter_id, board_post_id, admin_id) VALUES(30, '신고 사유 30', 'DONE', '2025-08-01 10:45:16', 13, 28, NULL);
