
INSERT INTO community_category(id, is_kor, name, created_at) VALUES(1, 1, '음악', '2025-08-18 11:51:58');
INSERT INTO community_category(id, is_kor, name, created_at) VALUES(2, 1, '영화', '2025-08-18 11:51:58');
INSERT INTO community_category(id, is_kor, name, created_at) VALUES(3, 1, '게임', '2025-08-18 11:51:58');
INSERT INTO community_category(id, is_kor, name, created_at) VALUES(4, 1, '책', '2025-08-18 11:51:58');
INSERT INTO community_category(id, is_kor, name, created_at) VALUES(5, 1, '기타', '2025-08-18 11:51:58');
INSERT INTO community(id, category_id, creator_id, name, description, created_at) VALUES(1, 5, 45, '커뮤니티1', '커뮤니티 설명 1', '2025-08-01 11:51:58');
INSERT INTO community(id, category_id, creator_id, name, description, created_at) VALUES(2, 5, 15, '커뮤니티2', '커뮤니티 설명 2', '2025-07-21 11:51:58');
INSERT INTO community(id, category_id, creator_id, name, description, created_at) VALUES(3, 4, 27, '커뮤니티3', '커뮤니티 설명 3', '2025-07-23 11:51:58');
INSERT INTO community(id, category_id, creator_id, name, description, created_at) VALUES(4, 2, 11, '커뮤니티4', '커뮤니티 설명 4', '2025-07-26 11:51:58');
INSERT INTO community(id, category_id, creator_id, name, description, created_at) VALUES(5, 1, 48, '커뮤니티5', '커뮤니티 설명 5', '2025-07-22 11:51:58');
INSERT INTO community(id, category_id, creator_id, name, description, created_at) VALUES(6, 2, 28, '커뮤니티6', '커뮤니티 설명 6', '2025-08-14 11:51:58');
INSERT INTO community(id, category_id, creator_id, name, description, created_at) VALUES(7, 2, 31, '커뮤니티7', '커뮤니티 설명 7', '2025-07-26 11:51:58');
INSERT INTO community(id, category_id, creator_id, name, description, created_at) VALUES(8, 5, 44, '커뮤니티8', '커뮤니티 설명 8', '2025-07-19 11:51:58');
INSERT INTO community(id, category_id, creator_id, name, description, created_at) VALUES(9, 3, 50, '커뮤니티9', '커뮤니티 설명 9', '2025-08-05 11:51:58');
INSERT INTO community(id, category_id, creator_id, name, description, created_at) VALUES(10, 2, 27, '커뮤니티10', '커뮤니티 설명 10', '2025-08-05 11:51:58');
INSERT INTO community(id, category_id, creator_id, name, description, created_at) VALUES(11, 5, 10, '커뮤니티11', '커뮤니티 설명 11', '2025-08-06 11:51:58');
INSERT INTO community(id, category_id, creator_id, name, description, created_at) VALUES(12, 1, 5, '커뮤니티12', '커뮤니티 설명 12', '2025-08-06 11:51:58');
INSERT INTO community(id, category_id, creator_id, name, description, created_at) VALUES(13, 3, 37, '커뮤니티13', '커뮤니티 설명 13', '2025-08-07 11:51:58');
INSERT INTO community(id, category_id, creator_id, name, description, created_at) VALUES(14, 1, 30, '커뮤니티14', '커뮤니티 설명 14', '2025-08-15 11:51:58');
INSERT INTO community(id, category_id, creator_id, name, description, created_at) VALUES(15, 2, 24, '커뮤니티15', '커뮤니티 설명 15', '2025-08-14 11:51:58');
INSERT INTO community(id, category_id, creator_id, name, description, created_at) VALUES(16, 4, 7, '커뮤니티16', '커뮤니티 설명 16', '2025-08-10 11:51:58');
INSERT INTO community(id, category_id, creator_id, name, description, created_at) VALUES(17, 2, 6, '커뮤니티17', '커뮤니티 설명 17', '2025-08-15 11:51:58');
INSERT INTO community(id, category_id, creator_id, name, description, created_at) VALUES(18, 3, 20, '커뮤니티18', '커뮤니티 설명 18', '2025-08-18 11:51:58');
INSERT INTO community(id, category_id, creator_id, name, description, created_at) VALUES(19, 5, 4, '커뮤니티19', '커뮤니티 설명 19', '2025-07-24 11:51:58');
INSERT INTO community(id, category_id, creator_id, name, description, created_at) VALUES(20, 2, 27, '커뮤니티20', '커뮤니티 설명 20', '2025-08-18 11:51:58');
INSERT INTO board_post(id, community_id, user_id, title, content, created_at) VALUES(1, 14, 24, '게시글1', '게시글 내용 1', '2025-08-15 11:51:58');
INSERT INTO board_post(id, community_id, user_id, title, content, created_at) VALUES(2, 20, 39, '게시글2', '게시글 내용 2', '2025-08-16 11:51:58');
INSERT INTO board_post(id, community_id, user_id, title, content, created_at) VALUES(3, 1, 19, '게시글3', '게시글 내용 3', '2025-08-09 11:51:58');
INSERT INTO board_post(id, community_id, user_id, title, content, created_at) VALUES(4, 12, 18, '게시글4', '게시글 내용 4', '2025-07-21 11:51:58');
INSERT INTO board_post(id, community_id, user_id, title, content, created_at) VALUES(5, 16, 35, '게시글5', '게시글 내용 5', '2025-07-24 11:51:58');
INSERT INTO board_post(id, community_id, user_id, title, content, created_at) VALUES(6, 12, 40, '게시글6', '게시글 내용 6', '2025-07-28 11:51:58');
INSERT INTO board_post(id, community_id, user_id, title, content, created_at) VALUES(7, 9, 38, '게시글7', '게시글 내용 7', '2025-07-21 11:51:58');
INSERT INTO board_post(id, community_id, user_id, title, content, created_at) VALUES(8, 2, 24, '게시글8', '게시글 내용 8', '2025-07-25 11:51:58');
INSERT INTO board_post(id, community_id, user_id, title, content, created_at) VALUES(9, 3, 5, '게시글9', '게시글 내용 9', '2025-08-02 11:51:58');
INSERT INTO board_post(id, community_id, user_id, title, content, created_at) VALUES(10, 16, 27, '게시글10', '게시글 내용 10', '2025-07-27 11:51:58');
INSERT INTO board_post(id, community_id, user_id, title, content, created_at) VALUES(11, 20, 34, '게시글11', '게시글 내용 11', '2025-08-05 11:51:58');
INSERT INTO board_post(id, community_id, user_id, title, content, created_at) VALUES(12, 13, 13, '게시글12', '게시글 내용 12', '2025-08-07 11:51:58');
INSERT INTO board_post(id, community_id, user_id, title, content, created_at) VALUES(13, 10, 6, '게시글13', '게시글 내용 13', '2025-07-26 11:51:58');
INSERT INTO board_post(id, community_id, user_id, title, content, created_at) VALUES(14, 3, 41, '게시글14', '게시글 내용 14', '2025-07-28 11:51:58');
INSERT INTO board_post(id, community_id, user_id, title, content, created_at) VALUES(15, 6, 6, '게시글15', '게시글 내용 15', '2025-07-29 11:51:58');
INSERT INTO board_post(id, community_id, user_id, title, content, created_at) VALUES(16, 20, 42, '게시글16', '게시글 내용 16', '2025-08-12 11:51:58');
INSERT INTO board_post(id, community_id, user_id, title, content, created_at) VALUES(17, 20, 34, '게시글17', '게시글 내용 17', '2025-07-31 11:51:58');
INSERT INTO board_post(id, community_id, user_id, title, content, created_at) VALUES(18, 1, 7, '게시글18', '게시글 내용 18', '2025-08-17 11:51:58');
INSERT INTO board_post(id, community_id, user_id, title, content, created_at) VALUES(19, 14, 8, '게시글19', '게시글 내용 19', '2025-08-07 11:51:58');
INSERT INTO board_post(id, community_id, user_id, title, content, created_at) VALUES(20, 4, 39, '게시글20', '게시글 내용 20', '2025-08-16 11:51:58');
INSERT INTO board_post(id, community_id, user_id, title, content, created_at) VALUES(21, 11, 25, '게시글21', '게시글 내용 21', '2025-07-22 11:51:58');
INSERT INTO board_post(id, community_id, user_id, title, content, created_at) VALUES(22, 17, 24, '게시글22', '게시글 내용 22', '2025-08-11 11:51:58');
INSERT INTO board_post(id, community_id, user_id, title, content, created_at) VALUES(23, 3, 30, '게시글23', '게시글 내용 23', '2025-07-28 11:51:58');
INSERT INTO board_post(id, community_id, user_id, title, content, created_at) VALUES(24, 9, 23, '게시글24', '게시글 내용 24', '2025-08-07 11:51:58');
INSERT INTO board_post(id, community_id, user_id, title, content, created_at) VALUES(25, 4, 40, '게시글25', '게시글 내용 25', '2025-08-12 11:51:58');
INSERT INTO board_post(id, community_id, user_id, title, content, created_at) VALUES(26, 18, 34, '게시글26', '게시글 내용 26', '2025-07-31 11:51:58');
INSERT INTO board_post(id, community_id, user_id, title, content, created_at) VALUES(27, 4, 47, '게시글27', '게시글 내용 27', '2025-07-30 11:51:58');
INSERT INTO board_post(id, community_id, user_id, title, content, created_at) VALUES(28, 9, 20, '게시글28', '게시글 내용 28', '2025-07-26 11:51:58');
INSERT INTO board_post(id, community_id, user_id, title, content, created_at) VALUES(29, 11, 7, '게시글29', '게시글 내용 29', '2025-08-02 11:51:58');
INSERT INTO board_post(id, community_id, user_id, title, content, created_at) VALUES(30, 13, 21, '게시글30', '게시글 내용 30', '2025-08-11 11:51:58');
INSERT INTO board_post(id, community_id, user_id, title, content, created_at) VALUES(31, 1, 24, '게시글31', '게시글 내용 31', '2025-07-29 11:51:58');
INSERT INTO board_post(id, community_id, user_id, title, content, created_at) VALUES(32, 16, 3, '게시글32', '게시글 내용 32', '2025-08-06 11:51:58');
INSERT INTO board_post(id, community_id, user_id, title, content, created_at) VALUES(33, 9, 40, '게시글33', '게시글 내용 33', '2025-08-07 11:51:58');
INSERT INTO board_post(id, community_id, user_id, title, content, created_at) VALUES(34, 11, 37, '게시글34', '게시글 내용 34', '2025-08-03 11:51:58');
INSERT INTO board_post(id, community_id, user_id, title, content, created_at) VALUES(35, 8, 39, '게시글35', '게시글 내용 35', '2025-07-28 11:51:58');
INSERT INTO board_post(id, community_id, user_id, title, content, created_at) VALUES(36, 6, 28, '게시글36', '게시글 내용 36', '2025-07-25 11:51:58');
INSERT INTO board_post(id, community_id, user_id, title, content, created_at) VALUES(37, 15, 33, '게시글37', '게시글 내용 37', '2025-07-21 11:51:58');
INSERT INTO board_post(id, community_id, user_id, title, content, created_at) VALUES(38, 5, 14, '게시글38', '게시글 내용 38', '2025-08-04 11:51:58');
INSERT INTO board_post(id, community_id, user_id, title, content, created_at) VALUES(39, 15, 37, '게시글39', '게시글 내용 39', '2025-08-16 11:51:58');
INSERT INTO board_post(id, community_id, user_id, title, content, created_at) VALUES(40, 17, 33, '게시글40', '게시글 내용 40', '2025-08-05 11:51:58');
INSERT INTO com_manager(id, user_id, com_id, created_at) VALUES(1, 27, 18, '2025-07-28 11:51:58');
INSERT INTO com_manager(id, user_id, com_id, created_at) VALUES(2, 20, 6, '2025-08-04 11:51:58');
INSERT INTO com_manager(id, user_id, com_id, created_at) VALUES(3, 49, 7, '2025-08-06 11:51:58');
INSERT INTO com_manager(id, user_id, com_id, created_at) VALUES(4, 44, 5, '2025-07-23 11:51:58');
INSERT INTO com_manager(id, user_id, com_id, created_at) VALUES(5, 30, 11, '2025-08-17 11:51:58');
INSERT INTO com_manager(id, user_id, com_id, created_at) VALUES(6, 2, 5, '2025-08-14 11:51:58');
INSERT INTO com_manager(id, user_id, com_id, created_at) VALUES(7, 37, 6, '2025-08-07 11:51:58');
INSERT INTO com_manager(id, user_id, com_id, created_at) VALUES(8, 19, 19, '2025-08-14 11:51:58');
INSERT INTO com_manager(id, user_id, com_id, created_at) VALUES(9, 41, 9, '2025-08-15 11:51:58');
INSERT INTO com_manager(id, user_id, com_id, created_at) VALUES(10, 1, 16, '2025-08-03 11:51:58');
INSERT INTO com_manager(id, user_id, com_id, created_at) VALUES(11, 47, 3, '2025-08-08 11:51:58');
INSERT INTO com_manager(id, user_id, com_id, created_at) VALUES(12, 7, 16, '2025-07-28 11:51:58');
INSERT INTO com_manager(id, user_id, com_id, created_at) VALUES(13, 2, 1, '2025-08-10 11:51:58');
INSERT INTO com_manager(id, user_id, com_id, created_at) VALUES(14, 37, 11, '2025-08-15 11:51:58');
INSERT INTO com_manager(id, user_id, com_id, created_at) VALUES(15, 48, 2, '2025-08-01 11:51:58');
INSERT INTO com_manager(id, user_id, com_id, created_at) VALUES(16, 7, 7, '2025-08-03 11:51:58');
INSERT INTO com_manager(id, user_id, com_id, created_at) VALUES(17, 7, 15, '2025-08-15 11:51:58');
INSERT INTO com_manager(id, user_id, com_id, created_at) VALUES(18, 8, 8, '2025-07-20 11:51:58');
INSERT INTO com_manager(id, user_id, com_id, created_at) VALUES(19, 45, 12, '2025-08-07 11:51:58');
INSERT INTO com_manager(id, user_id, com_id, created_at) VALUES(20, 16, 4, '2025-08-08 11:51:58');
INSERT INTO com_manager(id, user_id, com_id, created_at) VALUES(21, 27, 6, '2025-08-13 11:51:58');
INSERT INTO com_manager(id, user_id, com_id, created_at) VALUES(22, 7, 15, '2025-08-17 11:51:58');
INSERT INTO com_manager(id, user_id, com_id, created_at) VALUES(23, 22, 5, '2025-08-06 11:51:58');
INSERT INTO com_manager(id, user_id, com_id, created_at) VALUES(24, 22, 20, '2025-07-26 11:51:58');
INSERT INTO com_manager(id, user_id, com_id, created_at) VALUES(25, 30, 16, '2025-08-18 11:51:58');
INSERT INTO com_manager(id, user_id, com_id, created_at) VALUES(26, 3, 20, '2025-08-10 11:51:58');
INSERT INTO com_manager(id, user_id, com_id, created_at) VALUES(27, 31, 20, '2025-07-26 11:51:58');
INSERT INTO com_manager(id, user_id, com_id, created_at) VALUES(28, 28, 12, '2025-07-29 11:51:58');
INSERT INTO com_manager(id, user_id, com_id, created_at) VALUES(29, 27, 11, '2025-07-23 11:51:58');
INSERT INTO com_manager(id, user_id, com_id, created_at) VALUES(30, 36, 15, '2025-08-08 11:51:58');
INSERT INTO com_vote(id, post_id, title, created_at, closed_at, is_completed) VALUES(1, 2, '투표 제목 1', '2025-07-30 11:51:58', '2025-08-05 11:51:58', 0);
INSERT INTO com_vote(id, post_id, title, created_at, closed_at, is_completed) VALUES(2, 18, '투표 제목 2', '2025-08-11 11:51:58', '2025-08-17 11:51:58', 1);
INSERT INTO com_vote(id, post_id, title, created_at, closed_at, is_completed) VALUES(3, 4, '투표 제목 3', '2025-07-27 11:51:58', '2025-08-03 11:51:58', 0);
INSERT INTO com_vote(id, post_id, title, created_at, closed_at, is_completed) VALUES(4, 27, '투표 제목 4', '2025-08-06 11:51:58', '2025-08-11 11:51:58', 0);
INSERT INTO com_vote(id, post_id, title, created_at, closed_at, is_completed) VALUES(5, 40, '투표 제목 5', '2025-08-05 11:51:58', '2025-08-09 11:51:58', 1);
INSERT INTO com_vote(id, post_id, title, created_at, closed_at, is_completed) VALUES(6, 15, '투표 제목 6', '2025-07-19 11:51:58', '2025-07-25 11:51:58', 1);
INSERT INTO com_vote(id, post_id, title, created_at, closed_at, is_completed) VALUES(7, 30, '투표 제목 7', '2025-07-25 11:51:58', '2025-07-28 11:51:58', 1);
INSERT INTO com_vote(id, post_id, title, created_at, closed_at, is_completed) VALUES(8, 5, '투표 제목 8', '2025-08-11 11:51:58', '2025-08-13 11:51:58', 1);
INSERT INTO com_vote(id, post_id, title, created_at, closed_at, is_completed) VALUES(9, 15, '투표 제목 9', '2025-08-07 11:51:58', '2025-08-10 11:51:58', 1);
INSERT INTO com_vote(id, post_id, title, created_at, closed_at, is_completed) VALUES(10, 39, '투표 제목 10', '2025-08-11 11:51:58', '2025-08-14 11:51:58', 0);
INSERT INTO com_vote(id, post_id, title, created_at, closed_at, is_completed) VALUES(11, 14, '투표 제목 11', '2025-07-26 11:51:58', '2025-07-29 11:51:58', 0);
INSERT INTO com_vote(id, post_id, title, created_at, closed_at, is_completed) VALUES(12, 13, '투표 제목 12', '2025-07-26 11:51:58', '2025-08-02 11:51:58', 1);
INSERT INTO com_vote(id, post_id, title, created_at, closed_at, is_completed) VALUES(13, 17, '투표 제목 13', '2025-07-29 11:51:58', '2025-08-01 11:51:58', 0);
INSERT INTO com_vote(id, post_id, title, created_at, closed_at, is_completed) VALUES(14, 15, '투표 제목 14', '2025-07-28 11:51:58', '2025-07-29 11:51:58', 0);
INSERT INTO com_vote(id, post_id, title, created_at, closed_at, is_completed) VALUES(15, 10, '투표 제목 15', '2025-07-21 11:51:58', '2025-07-23 11:51:58', 1);
INSERT INTO com_vote(id, post_id, title, created_at, closed_at, is_completed) VALUES(16, 13, '투표 제목 16', '2025-08-01 11:51:58', '2025-08-03 11:51:58', 1);
INSERT INTO com_vote(id, post_id, title, created_at, closed_at, is_completed) VALUES(17, 15, '투표 제목 17', '2025-07-23 11:51:58', '2025-07-30 11:51:58', 1);
INSERT INTO com_vote(id, post_id, title, created_at, closed_at, is_completed) VALUES(18, 7, '투표 제목 18', '2025-07-29 11:51:58', '2025-07-31 11:51:58', 0);
INSERT INTO com_vote(id, post_id, title, created_at, closed_at, is_completed) VALUES(19, 26, '투표 제목 19', '2025-07-19 11:51:58', '2025-07-25 11:51:58', 1);
INSERT INTO com_vote(id, post_id, title, created_at, closed_at, is_completed) VALUES(20, 10, '투표 제목 20', '2025-08-05 11:51:58', '2025-08-07 11:51:58', 1);
INSERT INTO com_vote(id, post_id, title, created_at, closed_at, is_completed) VALUES(21, 15, '투표 제목 21', '2025-08-05 11:51:58', '2025-08-07 11:51:58', 0);
INSERT INTO com_vote(id, post_id, title, created_at, closed_at, is_completed) VALUES(22, 10, '투표 제목 22', '2025-08-07 11:51:58', '2025-08-08 11:51:58', 0);
INSERT INTO com_vote(id, post_id, title, created_at, closed_at, is_completed) VALUES(23, 27, '투표 제목 23', '2025-08-06 11:51:58', '2025-08-12 11:51:58', 1);
INSERT INTO com_vote(id, post_id, title, created_at, closed_at, is_completed) VALUES(24, 35, '투표 제목 24', '2025-08-01 11:51:58', '2025-08-04 11:51:58', 1);
INSERT INTO com_vote(id, post_id, title, created_at, closed_at, is_completed) VALUES(25, 38, '투표 제목 25', '2025-07-22 11:51:58', '2025-07-28 11:51:58', 0);
INSERT INTO com_vote(id, post_id, title, created_at, closed_at, is_completed) VALUES(26, 4, '투표 제목 26', '2025-07-22 11:51:58', '2025-07-28 11:51:58', 1);
INSERT INTO com_vote(id, post_id, title, created_at, closed_at, is_completed) VALUES(27, 12, '투표 제목 27', '2025-08-05 11:51:58', '2025-08-12 11:51:58', 0);
INSERT INTO com_vote(id, post_id, title, created_at, closed_at, is_completed) VALUES(28, 7, '투표 제목 28', '2025-08-02 11:51:58', '2025-08-08 11:51:58', 0);
INSERT INTO com_vote(id, post_id, title, created_at, closed_at, is_completed) VALUES(29, 4, '투표 제목 29', '2025-08-06 11:51:58', '2025-08-13 11:51:58', 0);
INSERT INTO com_vote(id, post_id, title, created_at, closed_at, is_completed) VALUES(30, 40, '투표 제목 30', '2025-08-13 11:51:58', '2025-08-17 11:51:58', 0);
INSERT INTO com_vote(id, post_id, title, created_at, closed_at, is_completed) VALUES(31, 30, '투표 제목 31', '2025-08-17 11:51:58', '2025-08-19 11:51:58', 0);
INSERT INTO com_vote(id, post_id, title, created_at, closed_at, is_completed) VALUES(32, 33, '투표 제목 32', '2025-08-06 11:51:58', '2025-08-13 11:51:58', 1);
INSERT INTO com_vote(id, post_id, title, created_at, closed_at, is_completed) VALUES(33, 20, '투표 제목 33', '2025-07-30 11:51:58', '2025-08-01 11:51:58', 1);
INSERT INTO com_vote(id, post_id, title, created_at, closed_at, is_completed) VALUES(34, 25, '투표 제목 34', '2025-07-29 11:51:58', '2025-08-05 11:51:58', 1);
INSERT INTO com_vote(id, post_id, title, created_at, closed_at, is_completed) VALUES(35, 1, '투표 제목 35', '2025-07-23 11:51:58', '2025-07-29 11:51:58', 0);
INSERT INTO com_vote(id, post_id, title, created_at, closed_at, is_completed) VALUES(36, 5, '투표 제목 36', '2025-08-02 11:51:58', '2025-08-05 11:51:58', 1);
INSERT INTO com_vote(id, post_id, title, created_at, closed_at, is_completed) VALUES(37, 5, '투표 제목 37', '2025-08-11 11:51:58', '2025-08-12 11:51:58', 1);
INSERT INTO com_vote(id, post_id, title, created_at, closed_at, is_completed) VALUES(38, 21, '투표 제목 38', '2025-07-28 11:51:58', '2025-08-03 11:51:58', 0);
INSERT INTO com_vote(id, post_id, title, created_at, closed_at, is_completed) VALUES(39, 2, '투표 제목 39', '2025-07-29 11:51:58', '2025-07-30 11:51:58', 0);
INSERT INTO com_vote(id, post_id, title, created_at, closed_at, is_completed) VALUES(40, 31, '투표 제목 40', '2025-07-29 11:51:58', '2025-08-05 11:51:58', 1);
INSERT INTO com_vote_argument(id, vote_id, content) VALUES(1, 29, '투표 옵션 1');
INSERT INTO com_vote_argument(id, vote_id, content) VALUES(2, 39, '투표 옵션 2');
INSERT INTO com_vote_argument(id, vote_id, content) VALUES(3, 5, '투표 옵션 3');
INSERT INTO com_vote_argument(id, vote_id, content) VALUES(4, 4, '투표 옵션 4');
INSERT INTO com_vote_argument(id, vote_id, content) VALUES(5, 12, '투표 옵션 5');
INSERT INTO com_vote_argument(id, vote_id, content) VALUES(6, 40, '투표 옵션 6');
INSERT INTO com_vote_argument(id, vote_id, content) VALUES(7, 16, '투표 옵션 7');
INSERT INTO com_vote_argument(id, vote_id, content) VALUES(8, 9, '투표 옵션 8');
INSERT INTO com_vote_argument(id, vote_id, content) VALUES(9, 8, '투표 옵션 9');
INSERT INTO com_vote_argument(id, vote_id, content) VALUES(10, 16, '투표 옵션 10');
INSERT INTO com_vote_argument(id, vote_id, content) VALUES(11, 40, '투표 옵션 11');
INSERT INTO com_vote_argument(id, vote_id, content) VALUES(12, 1, '투표 옵션 12');
INSERT INTO com_vote_argument(id, vote_id, content) VALUES(13, 23, '투표 옵션 13');
INSERT INTO com_vote_argument(id, vote_id, content) VALUES(14, 25, '투표 옵션 14');
INSERT INTO com_vote_argument(id, vote_id, content) VALUES(15, 26, '투표 옵션 15');
INSERT INTO com_vote_argument(id, vote_id, content) VALUES(16, 18, '투표 옵션 16');
INSERT INTO com_vote_argument(id, vote_id, content) VALUES(17, 12, '투표 옵션 17');
INSERT INTO com_vote_argument(id, vote_id, content) VALUES(18, 30, '투표 옵션 18');
INSERT INTO com_vote_argument(id, vote_id, content) VALUES(19, 3, '투표 옵션 19');
INSERT INTO com_vote_argument(id, vote_id, content) VALUES(20, 33, '투표 옵션 20');
INSERT INTO com_vote_argument(id, vote_id, content) VALUES(21, 30, '투표 옵션 21');
INSERT INTO com_vote_argument(id, vote_id, content) VALUES(22, 40, '투표 옵션 22');
INSERT INTO com_vote_argument(id, vote_id, content) VALUES(23, 21, '투표 옵션 23');
INSERT INTO com_vote_argument(id, vote_id, content) VALUES(24, 33, '투표 옵션 24');
INSERT INTO com_vote_argument(id, vote_id, content) VALUES(25, 8, '투표 옵션 25');
INSERT INTO com_vote_argument(id, vote_id, content) VALUES(26, 31, '투표 옵션 26');
INSERT INTO com_vote_argument(id, vote_id, content) VALUES(27, 20, '투표 옵션 27');
INSERT INTO com_vote_argument(id, vote_id, content) VALUES(28, 27, '투표 옵션 28');
INSERT INTO com_vote_argument(id, vote_id, content) VALUES(29, 23, '투표 옵션 29');
INSERT INTO com_vote_argument(id, vote_id, content) VALUES(30, 18, '투표 옵션 30');
INSERT INTO com_vote_argument(id, vote_id, content) VALUES(31, 16, '투표 옵션 31');
INSERT INTO com_vote_argument(id, vote_id, content) VALUES(32, 33, '투표 옵션 32');
INSERT INTO com_vote_argument(id, vote_id, content) VALUES(33, 13, '투표 옵션 33');
INSERT INTO com_vote_argument(id, vote_id, content) VALUES(34, 32, '투표 옵션 34');
INSERT INTO com_vote_argument(id, vote_id, content) VALUES(35, 19, '투표 옵션 35');
INSERT INTO com_vote_argument(id, vote_id, content) VALUES(36, 35, '투표 옵션 36');
INSERT INTO com_vote_argument(id, vote_id, content) VALUES(37, 19, '투표 옵션 37');
INSERT INTO com_vote_argument(id, vote_id, content) VALUES(38, 21, '투표 옵션 38');
INSERT INTO com_vote_argument(id, vote_id, content) VALUES(39, 8, '투표 옵션 39');
INSERT INTO com_vote_argument(id, vote_id, content) VALUES(40, 31, '투표 옵션 40');
INSERT INTO com_vote_argument(id, vote_id, content) VALUES(41, 39, '투표 옵션 41');
INSERT INTO com_vote_argument(id, vote_id, content) VALUES(42, 4, '투표 옵션 42');
INSERT INTO com_vote_argument(id, vote_id, content) VALUES(43, 14, '투표 옵션 43');
INSERT INTO com_vote_argument(id, vote_id, content) VALUES(44, 1, '투표 옵션 44');
INSERT INTO com_vote_argument(id, vote_id, content) VALUES(45, 6, '투표 옵션 45');
INSERT INTO com_vote_argument(id, vote_id, content) VALUES(46, 19, '투표 옵션 46');
INSERT INTO com_vote_argument(id, vote_id, content) VALUES(47, 29, '투표 옵션 47');
INSERT INTO com_vote_argument(id, vote_id, content) VALUES(48, 34, '투표 옵션 48');
INSERT INTO com_vote_argument(id, vote_id, content) VALUES(49, 37, '투표 옵션 49');
INSERT INTO com_vote_argument(id, vote_id, content) VALUES(50, 28, '투표 옵션 50');
INSERT INTO com_vote_argument(id, vote_id, content) VALUES(51, 8, '투표 옵션 51');
INSERT INTO com_vote_argument(id, vote_id, content) VALUES(52, 38, '투표 옵션 52');
INSERT INTO com_vote_argument(id, vote_id, content) VALUES(53, 1, '투표 옵션 53');
INSERT INTO com_vote_argument(id, vote_id, content) VALUES(54, 10, '투표 옵션 54');
INSERT INTO com_vote_argument(id, vote_id, content) VALUES(55, 37, '투표 옵션 55');
INSERT INTO com_vote_argument(id, vote_id, content) VALUES(56, 23, '투표 옵션 56');
INSERT INTO com_vote_argument(id, vote_id, content) VALUES(57, 8, '투표 옵션 57');
INSERT INTO com_vote_argument(id, vote_id, content) VALUES(58, 33, '투표 옵션 58');
INSERT INTO com_vote_argument(id, vote_id, content) VALUES(59, 3, '투표 옵션 59');
INSERT INTO com_vote_argument(id, vote_id, content) VALUES(60, 28, '투표 옵션 60');
INSERT INTO com_vote_argument(id, vote_id, content) VALUES(61, 22, '투표 옵션 61');
INSERT INTO com_vote_argument(id, vote_id, content) VALUES(62, 4, '투표 옵션 62');
INSERT INTO com_vote_argument(id, vote_id, content) VALUES(63, 18, '투표 옵션 63');
INSERT INTO com_vote_argument(id, vote_id, content) VALUES(64, 39, '투표 옵션 64');
INSERT INTO com_vote_argument(id, vote_id, content) VALUES(65, 12, '투표 옵션 65');
INSERT INTO com_vote_argument(id, vote_id, content) VALUES(66, 26, '투표 옵션 66');
INSERT INTO com_vote_argument(id, vote_id, content) VALUES(67, 23, '투표 옵션 67');
INSERT INTO com_vote_argument(id, vote_id, content) VALUES(68, 27, '투표 옵션 68');
INSERT INTO com_vote_argument(id, vote_id, content) VALUES(69, 26, '투표 옵션 69');
INSERT INTO com_vote_argument(id, vote_id, content) VALUES(70, 23, '투표 옵션 70');
INSERT INTO com_vote_argument(id, vote_id, content) VALUES(71, 22, '투표 옵션 71');
INSERT INTO com_vote_argument(id, vote_id, content) VALUES(72, 12, '투표 옵션 72');
INSERT INTO com_vote_argument(id, vote_id, content) VALUES(73, 19, '투표 옵션 73');
INSERT INTO com_vote_argument(id, vote_id, content) VALUES(74, 36, '투표 옵션 74');
INSERT INTO com_vote_argument(id, vote_id, content) VALUES(75, 32, '투표 옵션 75');
INSERT INTO com_vote_argument(id, vote_id, content) VALUES(76, 18, '투표 옵션 76');
INSERT INTO com_vote_argument(id, vote_id, content) VALUES(77, 30, '투표 옵션 77');
INSERT INTO com_vote_argument(id, vote_id, content) VALUES(78, 16, '투표 옵션 78');
INSERT INTO com_vote_argument(id, vote_id, content) VALUES(79, 1, '투표 옵션 79');
INSERT INTO com_vote_argument(id, vote_id, content) VALUES(80, 35, '투표 옵션 80');
INSERT INTO com_vote_argument(id, vote_id, content) VALUES(81, 29, '투표 옵션 81');
INSERT INTO com_vote_argument(id, vote_id, content) VALUES(82, 4, '투표 옵션 82');
INSERT INTO com_vote_argument(id, vote_id, content) VALUES(83, 34, '투표 옵션 83');
INSERT INTO com_vote_argument(id, vote_id, content) VALUES(84, 11, '투표 옵션 84');
INSERT INTO com_vote_argument(id, vote_id, content) VALUES(85, 10, '투표 옵션 85');
INSERT INTO com_vote_argument(id, vote_id, content) VALUES(86, 30, '투표 옵션 86');
INSERT INTO com_vote_argument(id, vote_id, content) VALUES(87, 34, '투표 옵션 87');
INSERT INTO com_vote_argument(id, vote_id, content) VALUES(88, 9, '투표 옵션 88');
INSERT INTO com_vote_argument(id, vote_id, content) VALUES(89, 10, '투표 옵션 89');
INSERT INTO com_vote_argument(id, vote_id, content) VALUES(90, 17, '투표 옵션 90');
INSERT INTO com_vote_argument(id, vote_id, content) VALUES(91, 33, '투표 옵션 91');
INSERT INTO com_vote_argument(id, vote_id, content) VALUES(92, 14, '투표 옵션 92');
INSERT INTO com_vote_argument(id, vote_id, content) VALUES(93, 10, '투표 옵션 93');
INSERT INTO com_vote_argument(id, vote_id, content) VALUES(94, 40, '투표 옵션 94');
INSERT INTO com_vote_argument(id, vote_id, content) VALUES(95, 40, '투표 옵션 95');
INSERT INTO com_vote_argument(id, vote_id, content) VALUES(96, 32, '투표 옵션 96');
INSERT INTO com_vote_argument(id, vote_id, content) VALUES(97, 32, '투표 옵션 97');
INSERT INTO com_vote_argument(id, vote_id, content) VALUES(98, 2, '투표 옵션 98');
INSERT INTO com_vote_argument(id, vote_id, content) VALUES(99, 39, '투표 옵션 99');
INSERT INTO com_vote_argument(id, vote_id, content) VALUES(100, 19, '투표 옵션 100');
INSERT INTO com_vote_argument(id, vote_id, content) VALUES(101, 1, '투표 옵션 101');
INSERT INTO com_vote_argument(id, vote_id, content) VALUES(102, 6, '투표 옵션 102');
INSERT INTO com_vote_argument(id, vote_id, content) VALUES(103, 2, '투표 옵션 103');
INSERT INTO com_vote_argument(id, vote_id, content) VALUES(104, 28, '투표 옵션 104');
INSERT INTO com_vote_argument(id, vote_id, content) VALUES(105, 13, '투표 옵션 105');
INSERT INTO com_vote_argument(id, vote_id, content) VALUES(106, 28, '투표 옵션 106');
INSERT INTO com_vote_argument(id, vote_id, content) VALUES(107, 8, '투표 옵션 107');
INSERT INTO com_vote_argument(id, vote_id, content) VALUES(108, 33, '투표 옵션 108');
INSERT INTO com_vote_argument(id, vote_id, content) VALUES(109, 13, '투표 옵션 109');
INSERT INTO com_vote_argument(id, vote_id, content) VALUES(110, 38, '투표 옵션 110');
INSERT INTO com_vote_argument(id, vote_id, content) VALUES(111, 15, '투표 옵션 111');
INSERT INTO com_vote_argument(id, vote_id, content) VALUES(112, 11, '투표 옵션 112');
INSERT INTO com_vote_argument(id, vote_id, content) VALUES(113, 12, '투표 옵션 113');
INSERT INTO com_vote_argument(id, vote_id, content) VALUES(114, 13, '투표 옵션 114');
INSERT INTO com_vote_argument(id, vote_id, content) VALUES(115, 13, '투표 옵션 115');
INSERT INTO com_vote_argument(id, vote_id, content) VALUES(116, 4, '투표 옵션 116');
INSERT INTO com_vote_argument(id, vote_id, content) VALUES(117, 27, '투표 옵션 117');
INSERT INTO com_vote_argument(id, vote_id, content) VALUES(118, 21, '투표 옵션 118');
INSERT INTO com_vote_argument(id, vote_id, content) VALUES(119, 18, '투표 옵션 119');
INSERT INTO com_vote_argument(id, vote_id, content) VALUES(120, 9, '투표 옵션 120');
INSERT INTO vote_result(id, vote_id, arg_id, count, created_at) VALUES(1, 18, 4, 7, '2025-07-28 11:51:58');
INSERT INTO vote_result(id, vote_id, arg_id, count, created_at) VALUES(2, 9, 86, 2, '2025-07-20 11:51:58');
INSERT INTO vote_result(id, vote_id, arg_id, count, created_at) VALUES(3, 18, 79, 7, '2025-08-03 11:51:58');
INSERT INTO vote_result(id, vote_id, arg_id, count, created_at) VALUES(4, 36, 32, 4, '2025-08-11 11:51:58');
INSERT INTO vote_result(id, vote_id, arg_id, count, created_at) VALUES(5, 30, 23, 17, '2025-07-20 11:51:58');
INSERT INTO vote_result(id, vote_id, arg_id, count, created_at) VALUES(6, 32, 65, 1, '2025-08-16 11:51:58');
INSERT INTO vote_result(id, vote_id, arg_id, count, created_at) VALUES(7, 8, 50, 6, '2025-07-22 11:51:58');
INSERT INTO vote_result(id, vote_id, arg_id, count, created_at) VALUES(8, 35, 30, 14, '2025-08-13 11:51:58');
INSERT INTO vote_result(id, vote_id, arg_id, count, created_at) VALUES(9, 32, 53, 11, '2025-08-02 11:51:58');
INSERT INTO vote_result(id, vote_id, arg_id, count, created_at) VALUES(10, 32, 23, 2, '2025-08-11 11:51:58');
INSERT INTO vote_result(id, vote_id, arg_id, count, created_at) VALUES(11, 31, 92, 1, '2025-07-28 11:51:58');
INSERT INTO vote_result(id, vote_id, arg_id, count, created_at) VALUES(12, 11, 98, 20, '2025-08-14 11:51:58');
INSERT INTO vote_result(id, vote_id, arg_id, count, created_at) VALUES(13, 26, 63, 16, '2025-07-19 11:51:58');
INSERT INTO vote_result(id, vote_id, arg_id, count, created_at) VALUES(14, 5, 50, 9, '2025-08-06 11:51:58');
INSERT INTO vote_result(id, vote_id, arg_id, count, created_at) VALUES(15, 8, 1, 13, '2025-08-17 11:51:58');
INSERT INTO vote_result(id, vote_id, arg_id, count, created_at) VALUES(16, 35, 106, 18, '2025-08-13 11:51:58');
INSERT INTO vote_result(id, vote_id, arg_id, count, created_at) VALUES(17, 1, 38, 20, '2025-08-07 11:51:58');
INSERT INTO vote_result(id, vote_id, arg_id, count, created_at) VALUES(18, 37, 91, 0, '2025-08-16 11:51:58');
INSERT INTO vote_result(id, vote_id, arg_id, count, created_at) VALUES(19, 32, 43, 11, '2025-08-16 11:51:58');
INSERT INTO vote_result(id, vote_id, arg_id, count, created_at) VALUES(20, 16, 30, 5, '2025-08-08 11:51:58');
INSERT INTO vote_result(id, vote_id, arg_id, count, created_at) VALUES(21, 11, 75, 4, '2025-08-04 11:51:58');
INSERT INTO vote_result(id, vote_id, arg_id, count, created_at) VALUES(22, 40, 92, 4, '2025-08-12 11:51:58');
INSERT INTO vote_result(id, vote_id, arg_id, count, created_at) VALUES(23, 38, 52, 9, '2025-08-06 11:51:58');
INSERT INTO vote_result(id, vote_id, arg_id, count, created_at) VALUES(24, 26, 37, 2, '2025-08-01 11:51:58');
INSERT INTO vote_result(id, vote_id, arg_id, count, created_at) VALUES(25, 40, 72, 19, '2025-07-20 11:51:58');
INSERT INTO vote_result(id, vote_id, arg_id, count, created_at) VALUES(26, 19, 68, 5, '2025-08-17 11:51:58');
INSERT INTO vote_result(id, vote_id, arg_id, count, created_at) VALUES(27, 40, 74, 5, '2025-08-16 11:51:58');
INSERT INTO vote_result(id, vote_id, arg_id, count, created_at) VALUES(28, 8, 85, 17, '2025-07-30 11:51:58');
INSERT INTO vote_result(id, vote_id, arg_id, count, created_at) VALUES(29, 8, 40, 18, '2025-07-26 11:51:58');
INSERT INTO vote_result(id, vote_id, arg_id, count, created_at) VALUES(30, 14, 115, 6, '2025-07-27 11:51:58');
INSERT INTO vote_result(id, vote_id, arg_id, count, created_at) VALUES(31, 9, 62, 1, '2025-08-11 11:51:58');
INSERT INTO vote_result(id, vote_id, arg_id, count, created_at) VALUES(32, 39, 116, 9, '2025-07-23 11:51:58');
INSERT INTO vote_result(id, vote_id, arg_id, count, created_at) VALUES(33, 12, 84, 6, '2025-08-18 11:51:58');
INSERT INTO vote_result(id, vote_id, arg_id, count, created_at) VALUES(34, 7, 94, 9, '2025-07-23 11:51:58');
INSERT INTO vote_result(id, vote_id, arg_id, count, created_at) VALUES(35, 4, 59, 13, '2025-07-27 11:51:58');
INSERT INTO vote_result(id, vote_id, arg_id, count, created_at) VALUES(36, 9, 58, 18, '2025-08-06 11:51:58');
INSERT INTO vote_result(id, vote_id, arg_id, count, created_at) VALUES(37, 32, 19, 16, '2025-07-26 11:51:58');
INSERT INTO vote_result(id, vote_id, arg_id, count, created_at) VALUES(38, 10, 7, 16, '2025-07-26 11:51:58');
INSERT INTO vote_result(id, vote_id, arg_id, count, created_at) VALUES(39, 20, 47, 12, '2025-08-11 11:51:58');
INSERT INTO vote_result(id, vote_id, arg_id, count, created_at) VALUES(40, 34, 34, 11, '2025-08-16 11:51:58');
INSERT INTO vote_result(id, vote_id, arg_id, count, created_at) VALUES(41, 32, 12, 5, '2025-08-01 11:51:58');
INSERT INTO vote_result(id, vote_id, arg_id, count, created_at) VALUES(42, 27, 13, 16, '2025-07-27 11:51:58');
INSERT INTO vote_result(id, vote_id, arg_id, count, created_at) VALUES(43, 30, 111, 20, '2025-08-01 11:51:58');
INSERT INTO vote_result(id, vote_id, arg_id, count, created_at) VALUES(44, 33, 47, 4, '2025-08-18 11:51:58');
INSERT INTO vote_result(id, vote_id, arg_id, count, created_at) VALUES(45, 14, 69, 15, '2025-08-09 11:51:58');
INSERT INTO vote_result(id, vote_id, arg_id, count, created_at) VALUES(46, 3, 112, 8, '2025-08-18 11:51:58');
INSERT INTO vote_result(id, vote_id, arg_id, count, created_at) VALUES(47, 19, 57, 13, '2025-08-15 11:51:58');
INSERT INTO vote_result(id, vote_id, arg_id, count, created_at) VALUES(48, 35, 63, 7, '2025-08-17 11:51:58');
INSERT INTO vote_result(id, vote_id, arg_id, count, created_at) VALUES(49, 38, 64, 15, '2025-07-26 11:51:58');
INSERT INTO vote_result(id, vote_id, arg_id, count, created_at) VALUES(50, 1, 88, 12, '2025-07-28 11:51:58');
INSERT INTO vote_result(id, vote_id, arg_id, count, created_at) VALUES(51, 38, 23, 14, '2025-07-25 11:51:58');
INSERT INTO vote_result(id, vote_id, arg_id, count, created_at) VALUES(52, 25, 74, 10, '2025-07-24 11:51:58');
INSERT INTO vote_result(id, vote_id, arg_id, count, created_at) VALUES(53, 12, 79, 8, '2025-07-30 11:51:58');
INSERT INTO vote_result(id, vote_id, arg_id, count, created_at) VALUES(54, 6, 64, 17, '2025-08-02 11:51:58');
INSERT INTO vote_result(id, vote_id, arg_id, count, created_at) VALUES(55, 2, 76, 11, '2025-08-07 11:51:58');
INSERT INTO vote_result(id, vote_id, arg_id, count, created_at) VALUES(56, 18, 40, 17, '2025-08-05 11:51:58');
INSERT INTO vote_result(id, vote_id, arg_id, count, created_at) VALUES(57, 29, 5, 0, '2025-08-07 11:51:58');
INSERT INTO vote_result(id, vote_id, arg_id, count, created_at) VALUES(58, 31, 9, 4, '2025-07-27 11:51:58');
INSERT INTO vote_result(id, vote_id, arg_id, count, created_at) VALUES(59, 40, 104, 15, '2025-08-05 11:51:58');
INSERT INTO vote_result(id, vote_id, arg_id, count, created_at) VALUES(60, 35, 92, 17, '2025-07-20 11:51:58');
INSERT INTO vote_status(id, arg_id, user_id, created_at) VALUES(1, 57, 42, '2025-08-14 11:51:58');
INSERT INTO vote_status(id, arg_id, user_id, created_at) VALUES(2, 14, 49, '2025-07-30 11:51:58');
INSERT INTO vote_status(id, arg_id, user_id, created_at) VALUES(3, 23, 1, '2025-07-28 11:51:58');
INSERT INTO vote_status(id, arg_id, user_id, created_at) VALUES(4, 97, 16, '2025-08-04 11:51:58');
INSERT INTO vote_status(id, arg_id, user_id, created_at) VALUES(5, 62, 26, '2025-07-19 11:51:58');
INSERT INTO vote_status(id, arg_id, user_id, created_at) VALUES(6, 109, 42, '2025-08-15 11:51:58');
INSERT INTO vote_status(id, arg_id, user_id, created_at) VALUES(7, 81, 21, '2025-08-10 11:51:58');
INSERT INTO vote_status(id, arg_id, user_id, created_at) VALUES(8, 89, 7, '2025-08-15 11:51:58');
INSERT INTO vote_status(id, arg_id, user_id, created_at) VALUES(9, 27, 14, '2025-08-17 11:51:58');
INSERT INTO vote_status(id, arg_id, user_id, created_at) VALUES(10, 62, 3, '2025-07-22 11:51:58');
INSERT INTO vote_status(id, arg_id, user_id, created_at) VALUES(11, 47, 41, '2025-07-30 11:51:58');
INSERT INTO vote_status(id, arg_id, user_id, created_at) VALUES(12, 43, 46, '2025-07-25 11:51:58');
INSERT INTO vote_status(id, arg_id, user_id, created_at) VALUES(13, 40, 18, '2025-08-03 11:51:58');
INSERT INTO vote_status(id, arg_id, user_id, created_at) VALUES(14, 73, 1, '2025-08-12 11:51:58');
INSERT INTO vote_status(id, arg_id, user_id, created_at) VALUES(15, 36, 13, '2025-07-22 11:51:58');
INSERT INTO vote_status(id, arg_id, user_id, created_at) VALUES(16, 35, 27, '2025-07-19 11:51:58');
INSERT INTO vote_status(id, arg_id, user_id, created_at) VALUES(17, 3, 15, '2025-07-31 11:51:58');
INSERT INTO vote_status(id, arg_id, user_id, created_at) VALUES(18, 56, 6, '2025-07-28 11:51:58');
INSERT INTO vote_status(id, arg_id, user_id, created_at) VALUES(19, 32, 11, '2025-07-27 11:51:58');
INSERT INTO vote_status(id, arg_id, user_id, created_at) VALUES(20, 98, 17, '2025-08-14 11:51:58');
INSERT INTO vote_status(id, arg_id, user_id, created_at) VALUES(21, 35, 9, '2025-08-02 11:51:58');
INSERT INTO vote_status(id, arg_id, user_id, created_at) VALUES(22, 20, 13, '2025-07-27 11:51:58');
INSERT INTO vote_status(id, arg_id, user_id, created_at) VALUES(23, 110, 12, '2025-08-17 11:51:58');
INSERT INTO vote_status(id, arg_id, user_id, created_at) VALUES(24, 3, 43, '2025-07-23 11:51:58');
INSERT INTO vote_status(id, arg_id, user_id, created_at) VALUES(25, 50, 38, '2025-08-09 11:51:58');
INSERT INTO vote_status(id, arg_id, user_id, created_at) VALUES(26, 33, 40, '2025-08-13 11:51:58');
INSERT INTO vote_status(id, arg_id, user_id, created_at) VALUES(27, 119, 41, '2025-08-06 11:51:58');
INSERT INTO vote_status(id, arg_id, user_id, created_at) VALUES(28, 55, 20, '2025-08-16 11:51:58');
INSERT INTO vote_status(id, arg_id, user_id, created_at) VALUES(29, 118, 33, '2025-08-17 11:51:58');
INSERT INTO vote_status(id, arg_id, user_id, created_at) VALUES(30, 25, 32, '2025-07-19 11:51:58');
INSERT INTO vote_status(id, arg_id, user_id, created_at) VALUES(31, 6, 30, '2025-08-13 11:51:58');
INSERT INTO vote_status(id, arg_id, user_id, created_at) VALUES(32, 2, 6, '2025-08-02 11:51:58');
INSERT INTO vote_status(id, arg_id, user_id, created_at) VALUES(33, 54, 10, '2025-08-14 11:51:58');
INSERT INTO vote_status(id, arg_id, user_id, created_at) VALUES(34, 18, 31, '2025-08-12 11:51:58');
INSERT INTO vote_status(id, arg_id, user_id, created_at) VALUES(35, 23, 13, '2025-08-01 11:51:58');
INSERT INTO vote_status(id, arg_id, user_id, created_at) VALUES(36, 29, 35, '2025-08-05 11:51:58');
INSERT INTO vote_status(id, arg_id, user_id, created_at) VALUES(37, 101, 29, '2025-07-25 11:51:58');
INSERT INTO vote_status(id, arg_id, user_id, created_at) VALUES(38, 16, 38, '2025-07-31 11:51:58');
INSERT INTO vote_status(id, arg_id, user_id, created_at) VALUES(39, 57, 6, '2025-08-16 11:51:58');
INSERT INTO vote_status(id, arg_id, user_id, created_at) VALUES(40, 64, 31, '2025-08-16 11:51:58');
INSERT INTO vote_status(id, arg_id, user_id, created_at) VALUES(41, 88, 7, '2025-08-08 11:51:58');
INSERT INTO vote_status(id, arg_id, user_id, created_at) VALUES(42, 7, 4, '2025-08-12 11:51:58');
INSERT INTO vote_status(id, arg_id, user_id, created_at) VALUES(43, 116, 47, '2025-08-16 11:51:58');
INSERT INTO vote_status(id, arg_id, user_id, created_at) VALUES(44, 22, 21, '2025-08-02 11:51:58');
INSERT INTO vote_status(id, arg_id, user_id, created_at) VALUES(45, 89, 25, '2025-07-21 11:51:58');
INSERT INTO vote_status(id, arg_id, user_id, created_at) VALUES(46, 75, 42, '2025-08-07 11:51:58');
INSERT INTO vote_status(id, arg_id, user_id, created_at) VALUES(47, 69, 47, '2025-07-26 11:51:58');
INSERT INTO vote_status(id, arg_id, user_id, created_at) VALUES(48, 100, 24, '2025-08-16 11:51:58');
INSERT INTO vote_status(id, arg_id, user_id, created_at) VALUES(49, 71, 13, '2025-07-31 11:51:58');
INSERT INTO vote_status(id, arg_id, user_id, created_at) VALUES(50, 77, 40, '2025-07-31 11:51:58');
INSERT INTO vote_status(id, arg_id, user_id, created_at) VALUES(51, 95, 18, '2025-07-23 11:51:58');
INSERT INTO vote_status(id, arg_id, user_id, created_at) VALUES(52, 23, 4, '2025-07-23 11:51:58');
INSERT INTO vote_status(id, arg_id, user_id, created_at) VALUES(53, 63, 48, '2025-08-13 11:51:58');
INSERT INTO vote_status(id, arg_id, user_id, created_at) VALUES(54, 118, 5, '2025-07-27 11:51:58');
INSERT INTO vote_status(id, arg_id, user_id, created_at) VALUES(55, 20, 25, '2025-08-08 11:51:58');
INSERT INTO vote_status(id, arg_id, user_id, created_at) VALUES(56, 38, 32, '2025-08-06 11:51:58');
INSERT INTO vote_status(id, arg_id, user_id, created_at) VALUES(57, 37, 43, '2025-07-20 11:51:58');
INSERT INTO vote_status(id, arg_id, user_id, created_at) VALUES(58, 68, 5, '2025-07-27 11:51:58');
INSERT INTO vote_status(id, arg_id, user_id, created_at) VALUES(59, 19, 40, '2025-08-09 11:51:58');
INSERT INTO vote_status(id, arg_id, user_id, created_at) VALUES(60, 78, 21, '2025-07-26 11:51:58');
INSERT INTO vote_status(id, arg_id, user_id, created_at) VALUES(61, 70, 50, '2025-08-08 11:51:58');
INSERT INTO vote_status(id, arg_id, user_id, created_at) VALUES(62, 76, 38, '2025-07-26 11:51:58');
INSERT INTO vote_status(id, arg_id, user_id, created_at) VALUES(63, 14, 13, '2025-08-16 11:51:58');
INSERT INTO vote_status(id, arg_id, user_id, created_at) VALUES(64, 58, 6, '2025-07-30 11:51:58');
INSERT INTO vote_status(id, arg_id, user_id, created_at) VALUES(65, 94, 10, '2025-07-31 11:51:58');
INSERT INTO vote_status(id, arg_id, user_id, created_at) VALUES(66, 71, 9, '2025-08-05 11:51:58');
INSERT INTO vote_status(id, arg_id, user_id, created_at) VALUES(67, 114, 43, '2025-08-02 11:51:58');
INSERT INTO vote_status(id, arg_id, user_id, created_at) VALUES(68, 37, 37, '2025-07-26 11:51:58');
INSERT INTO vote_status(id, arg_id, user_id, created_at) VALUES(69, 47, 3, '2025-08-01 11:51:58');
INSERT INTO vote_status(id, arg_id, user_id, created_at) VALUES(70, 24, 33, '2025-07-28 11:51:58');
INSERT INTO vote_status(id, arg_id, user_id, created_at) VALUES(71, 61, 23, '2025-07-23 11:51:58');
INSERT INTO vote_status(id, arg_id, user_id, created_at) VALUES(72, 2, 15, '2025-07-24 11:51:58');
INSERT INTO vote_status(id, arg_id, user_id, created_at) VALUES(73, 52, 14, '2025-07-23 11:51:58');
INSERT INTO vote_status(id, arg_id, user_id, created_at) VALUES(74, 89, 41, '2025-08-16 11:51:58');
INSERT INTO vote_status(id, arg_id, user_id, created_at) VALUES(75, 85, 44, '2025-08-01 11:51:58');
INSERT INTO vote_status(id, arg_id, user_id, created_at) VALUES(76, 92, 3, '2025-08-10 11:51:58');
INSERT INTO vote_status(id, arg_id, user_id, created_at) VALUES(77, 102, 20, '2025-07-24 11:51:58');
INSERT INTO vote_status(id, arg_id, user_id, created_at) VALUES(78, 62, 40, '2025-07-22 11:51:58');
INSERT INTO vote_status(id, arg_id, user_id, created_at) VALUES(79, 40, 11, '2025-08-12 11:51:58');
INSERT INTO vote_status(id, arg_id, user_id, created_at) VALUES(80, 31, 14, '2025-08-01 11:51:58');
INSERT INTO vote_status(id, arg_id, user_id, created_at) VALUES(81, 5, 48, '2025-08-07 11:51:58');
INSERT INTO vote_status(id, arg_id, user_id, created_at) VALUES(82, 27, 50, '2025-07-28 11:51:58');
INSERT INTO vote_status(id, arg_id, user_id, created_at) VALUES(83, 81, 46, '2025-07-21 11:51:58');
INSERT INTO vote_status(id, arg_id, user_id, created_at) VALUES(84, 111, 21, '2025-08-11 11:51:58');
INSERT INTO vote_status(id, arg_id, user_id, created_at) VALUES(85, 114, 48, '2025-07-20 11:51:58');
INSERT INTO vote_status(id, arg_id, user_id, created_at) VALUES(86, 30, 50, '2025-07-26 11:51:58');
INSERT INTO vote_status(id, arg_id, user_id, created_at) VALUES(87, 55, 2, '2025-08-11 11:51:58');
INSERT INTO vote_status(id, arg_id, user_id, created_at) VALUES(88, 13, 50, '2025-07-22 11:51:58');
INSERT INTO vote_status(id, arg_id, user_id, created_at) VALUES(89, 51, 45, '2025-08-14 11:51:58');
INSERT INTO vote_status(id, arg_id, user_id, created_at) VALUES(90, 110, 45, '2025-07-31 11:51:58');
INSERT INTO vote_status(id, arg_id, user_id, created_at) VALUES(91, 90, 47, '2025-07-26 11:51:58');
INSERT INTO vote_status(id, arg_id, user_id, created_at) VALUES(92, 109, 6, '2025-08-06 11:51:58');
INSERT INTO vote_status(id, arg_id, user_id, created_at) VALUES(93, 14, 17, '2025-07-19 11:51:58');
INSERT INTO vote_status(id, arg_id, user_id, created_at) VALUES(94, 68, 7, '2025-08-15 11:51:58');
INSERT INTO vote_status(id, arg_id, user_id, created_at) VALUES(95, 70, 30, '2025-08-17 11:51:58');
INSERT INTO vote_status(id, arg_id, user_id, created_at) VALUES(96, 104, 50, '2025-08-10 11:51:58');
INSERT INTO vote_status(id, arg_id, user_id, created_at) VALUES(97, 79, 13, '2025-08-13 11:51:58');
INSERT INTO vote_status(id, arg_id, user_id, created_at) VALUES(98, 105, 8, '2025-07-26 11:51:58');
INSERT INTO vote_status(id, arg_id, user_id, created_at) VALUES(99, 3, 35, '2025-08-12 11:51:58');
INSERT INTO vote_status(id, arg_id, user_id, created_at) VALUES(100, 39, 19, '2025-08-09 11:51:58');
